-- phpMyAdmin SQL Dump
-- version 5.0.2
-- https://www.phpmyadmin.net/
--
-- Hôte : 127.0.0.1:3307
-- Généré le : ven. 26 août 2022 à 12:20
-- Version du serveur :  10.4.13-MariaDB
-- Version de PHP : 7.3.21

SET SQL_MODE = "NO_AUTO_VALUE_ON_ZERO";
START TRANSACTION;
SET time_zone = "+00:00";


/*!40101 SET @OLD_CHARACTER_SET_CLIENT=@@CHARACTER_SET_CLIENT */;
/*!40101 SET @OLD_CHARACTER_SET_RESULTS=@@CHARACTER_SET_RESULTS */;
/*!40101 SET @OLD_COLLATION_CONNECTION=@@COLLATION_CONNECTION */;
/*!40101 SET NAMES utf8mb4 */;

--
-- Base de données : `rcdi`
--

-- --------------------------------------------------------

--
-- Structure de la table `accouchements`
--

DROP TABLE IF EXISTS `accouchements`;
CREATE TABLE IF NOT EXISTS `accouchements` (
  `id` bigint(20) UNSIGNED NOT NULL AUTO_INCREMENT,
  `region_id` int(10) UNSIGNED NOT NULL,
  `province_id` int(10) UNSIGNED NOT NULL,
  `commune_id` int(10) UNSIGNED NOT NULL,
  `district_id` int(10) UNSIGNED NOT NULL,
  `formation_sanitaire_id` int(10) UNSIGNED NOT NULL,
  `annee` int(10) UNSIGNED NOT NULL,
  `mois` int(10) UNSIGNED NOT NULL,
  `NbAccouchement_Normaux` varchar(191) COLLATE utf8mb4_unicode_ci DEFAULT NULL,
  `NbAccouchement_Assiste` varchar(191) COLLATE utf8mb4_unicode_ci DEFAULT NULL,
  `NbAccouchement_Cesarienne` varchar(191) COLLATE utf8mb4_unicode_ci DEFAULT NULL,
  `NbAccouchement_Partogramme` varchar(191) COLLATE utf8mb4_unicode_ci DEFAULT NULL,
  `NNaissance_vivante` varchar(191) COLLATE utf8mb4_unicode_ci DEFAULT NULL,
  `NbMortNe_frais` varchar(191) COLLATE utf8mb4_unicode_ci DEFAULT NULL,
  `NbMortNe_Macere` varchar(191) COLLATE utf8mb4_unicode_ci DEFAULT NULL,
  `updated_by` int(10) UNSIGNED DEFAULT NULL,
  `created_by` int(10) UNSIGNED DEFAULT NULL,
  `updated` tinyint(1) DEFAULT 0,
  `created_at` timestamp NULL DEFAULT NULL,
  `updated_at` timestamp NULL DEFAULT NULL,
  PRIMARY KEY (`id`)
) ENGINE=MyISAM DEFAULT CHARSET=utf8mb4 COLLATE=utf8mb4_unicode_ci;

-- --------------------------------------------------------

--
-- Structure de la table `acte_deces`
--

DROP TABLE IF EXISTS `acte_deces`;
CREATE TABLE IF NOT EXISTS `acte_deces` (
  `id` bigint(20) UNSIGNED NOT NULL AUTO_INCREMENT,
  `region_id` int(10) UNSIGNED NOT NULL,
  `province_id` int(10) UNSIGNED NOT NULL,
  `commune_id` int(10) UNSIGNED NOT NULL,
  `n_acte` varchar(191) COLLATE utf8mb4_unicode_ci NOT NULL,
  `date_declaration` date DEFAULT NULL,
  `nom` varchar(191) COLLATE utf8mb4_unicode_ci NOT NULL,
  `prenom` varchar(191) COLLATE utf8mb4_unicode_ci NOT NULL,
  `date_naissance` date DEFAULT NULL,
  `date_deces` date DEFAULT NULL,
  `age` int(11) DEFAULT NULL,
  `sexe` varchar(191) COLLATE utf8mb4_unicode_ci DEFAULT NULL,
  `date_etablissement` date DEFAULT NULL,
  `profession_id` int(10) DEFAULT NULL,
  `statut_matrimonial` varchar(191) COLLATE utf8mb4_unicode_ci DEFAULT NULL,
  `updated_by` int(10) UNSIGNED DEFAULT NULL,
  `created_by` int(10) UNSIGNED DEFAULT NULL,
  `updated` tinyint(1) DEFAULT 0,
  `created_at` timestamp NULL DEFAULT NULL,
  `updated_at` timestamp NULL DEFAULT NULL,
  PRIMARY KEY (`id`)
) ENGINE=MyISAM DEFAULT CHARSET=utf8mb4 COLLATE=utf8mb4_unicode_ci;

-- --------------------------------------------------------

--
-- Structure de la table `acte_mariages`
--

DROP TABLE IF EXISTS `acte_mariages`;
CREATE TABLE IF NOT EXISTS `acte_mariages` (
  `id` bigint(20) UNSIGNED NOT NULL AUTO_INCREMENT,
  `region_id` int(10) UNSIGNED NOT NULL,
  `province_id` int(10) UNSIGNED NOT NULL,
  `commune_id` int(10) UNSIGNED NOT NULL,
  `n_acte` varchar(191) COLLATE utf8mb4_unicode_ci NOT NULL,
  `date_etablissement` date NOT NULL,
  `nom_conjoint` varchar(191) COLLATE utf8mb4_unicode_ci NOT NULL,
  `prenom_conjoint` varchar(191) COLLATE utf8mb4_unicode_ci NOT NULL,
  `date_naissance_conjoint` date NOT NULL,
  `age_mariage_conjoint` varchar(191) COLLATE utf8mb4_unicode_ci NOT NULL,
  `sexe_conjoint` varchar(191) COLLATE utf8mb4_unicode_ci NOT NULL,
  `hors_commune_conjoint` varchar(191) COLLATE utf8mb4_unicode_ci NOT NULL,
  `commune_naissance_conjoint` varchar(191) COLLATE utf8mb4_unicode_ci DEFAULT NULL,
  `localite_naissance_conjoint` varchar(191) COLLATE utf8mb4_unicode_ci DEFAULT NULL,
  `domicile_conjoint` varchar(191) COLLATE utf8mb4_unicode_ci NOT NULL,
  `profession_conjoint_id` int(10) DEFAULT NULL,
  `nom_conjointe` varchar(191) COLLATE utf8mb4_unicode_ci NOT NULL,
  `prenom_conjointe` varchar(191) COLLATE utf8mb4_unicode_ci NOT NULL,
  `date_naissance_conjointe` date NOT NULL,
  `age_mariage_conjointe` varchar(191) COLLATE utf8mb4_unicode_ci NOT NULL,
  `sexe_conjointe` varchar(191) COLLATE utf8mb4_unicode_ci NOT NULL,
  `hors_commune_conjointe` varchar(191) COLLATE utf8mb4_unicode_ci NOT NULL,
  `commune_naissance_conjointe` varchar(191) COLLATE utf8mb4_unicode_ci DEFAULT NULL,
  `localite_naissance_conjointe` varchar(191) COLLATE utf8mb4_unicode_ci DEFAULT NULL,
  `domicile_conjointe` varchar(191) COLLATE utf8mb4_unicode_ci NOT NULL,
  `profession_conjointe_id` int(10) DEFAULT NULL,
  `regime_matrimonial` varchar(191) COLLATE utf8mb4_unicode_ci NOT NULL,
  `option_matrimonial` varchar(191) COLLATE utf8mb4_unicode_ci NOT NULL,
  `updated_by` int(10) UNSIGNED DEFAULT NULL,
  `created_by` int(10) UNSIGNED DEFAULT NULL,
  `updated` tinyint(1) DEFAULT 0,
  `created_at` timestamp NULL DEFAULT NULL,
  `updated_at` timestamp NULL DEFAULT NULL,
  PRIMARY KEY (`id`)
) ENGINE=MyISAM DEFAULT CHARSET=utf8mb4 COLLATE=utf8mb4_unicode_ci;

-- --------------------------------------------------------

--
-- Structure de la table `acte_naissances`
--

DROP TABLE IF EXISTS `acte_naissances`;
CREATE TABLE IF NOT EXISTS `acte_naissances` (
  `id` bigint(20) UNSIGNED NOT NULL AUTO_INCREMENT,
  `region_id` int(10) UNSIGNED NOT NULL,
  `province_id` int(10) UNSIGNED NOT NULL,
  `commune_id` int(10) UNSIGNED NOT NULL,
  `n_acte` varchar(191) COLLATE utf8mb4_unicode_ci NOT NULL,
  `nom` varchar(191) COLLATE utf8mb4_unicode_ci NOT NULL,
  `prenom` varchar(191) COLLATE utf8mb4_unicode_ci DEFAULT NULL,
  `date_naissance` date DEFAULT NULL,
  `sexe` varchar(191) COLLATE utf8mb4_unicode_ci DEFAULT NULL,
  `date_declaration` date DEFAULT NULL,
  `date_etablissement` date DEFAULT NULL,
  `lieu_naissance_commune` varchar(191) COLLATE utf8mb4_unicode_ci DEFAULT NULL,
  `centre_sante_naissance` varchar(191) COLLATE utf8mb4_unicode_ci DEFAULT NULL,
  `formation_sanitaire_id` int(10) DEFAULT NULL,
  `updated_by` int(10) UNSIGNED DEFAULT NULL,
  `created_by` int(10) UNSIGNED DEFAULT NULL,
  `updated` tinyint(1) DEFAULT 0,
  `created_at` timestamp NULL DEFAULT NULL,
  `updated_at` timestamp NULL DEFAULT NULL,
  PRIMARY KEY (`id`)
) ENGINE=MyISAM AUTO_INCREMENT=220 DEFAULT CHARSET=utf8mb4 COLLATE=utf8mb4_unicode_ci;

--
-- Déchargement des données de la table `acte_naissances`
--

INSERT INTO `acte_naissances` (`id`, `region_id`, `province_id`, `commune_id`, `n_acte`, `nom`, `prenom`, `date_naissance`, `sexe`, `date_declaration`, `date_etablissement`, `lieu_naissance_commune`, `centre_sante_naissance`, `formation_sanitaire_id`, `updated_by`, `created_by`, `updated`, `created_at`, `updated_at`) VALUES
(1, 7, 30, 3006, '0001', 'ROUAMBA', 'GILDAS', '2018-01-03', 'M', '2018-01-30', '2018-01-30', 'MANGA', NULL, 10, NULL, 38, 0, '2022-08-23 10:16:00', '2022-08-23 10:16:00'),
(2, 7, 30, 3006, '0002', 'TIEMTORE', 'GUEWARATOU', '2018-01-04', 'F', '2018-01-30', '2018-01-30', 'MANGA', NULL, 1, NULL, 38, 0, '2022-08-23 10:22:58', '2022-08-23 10:22:58'),
(3, 7, 30, 3006, '0003', 'OUEDRAOGO', 'SAIDATOU', '2018-01-10', 'F', '2018-01-31', '2022-08-23', 'MANGA', NULL, 5, NULL, 38, 0, '2022-08-23 10:28:27', '2022-08-23 10:28:27'),
(4, 7, 30, 3006, '0004', 'SANE', 'ALI', '2018-01-10', 'M', '2018-01-31', '2018-01-31', 'MANGA', NULL, 1, NULL, 38, 0, '2022-08-23 10:51:06', '2022-08-23 10:51:06'),
(5, 7, 22, 3006, '0005', 'COMPAORE', 'ALIMA', '2018-01-06', 'F', '2018-01-31', '2018-01-31', 'MANGA', NULL, 5, NULL, 38, 0, '2022-08-23 10:57:43', '2022-08-23 10:57:43'),
(6, 7, 30, 3006, '0006', 'OUEDRAOGO', 'DAMATA', '2018-01-05', 'F', '2018-01-31', '2018-01-31', 'MANAGA', NULL, 3, NULL, 38, 0, '2022-08-23 11:01:39', '2022-08-23 11:01:39'),
(7, 7, 30, 3006, '0007', 'GOUBA', 'AARON RYAN', '2018-01-08', 'M', '2018-01-31', '2018-01-31', 'MANGA', NULL, 1, NULL, 38, 0, '2022-08-23 11:26:24', '2022-08-23 11:26:24'),
(8, 7, 30, 3006, '0008', 'PAFADNAN', 'ABDOUL MOUMOUNI MAKIM', '2018-01-04', 'M', '2018-01-31', '2018-01-31', 'MANGA', NULL, 1, NULL, 38, 0, '2022-08-23 11:40:44', '2022-08-23 11:40:44'),
(9, 7, 30, 3006, '0009', 'GUIGMA', 'PAMINEWENDE TATIANA', '2018-01-10', 'F', '2018-01-31', '2018-01-31', 'MANGA', NULL, 1, NULL, 38, 0, '2022-08-23 11:46:28', '2022-08-23 11:46:28'),
(10, 7, 30, 3006, '0010', 'ZOUNDI', 'ROUKIETA', '2000-10-24', 'F', '2018-01-11', '2018-01-11', 'MANGA', NULL, 1, NULL, 38, 0, '2022-08-23 11:51:25', '2022-08-23 11:51:25'),
(11, 7, 30, 3006, '0011', 'BALBEOGO', 'VALERIE', '2006-12-31', 'F', '2018-01-11', '2018-01-11', 'MANGA', NULL, 1, NULL, 38, 0, '2022-08-23 12:05:10', '2022-08-23 12:05:10'),
(12, 7, 30, 3006, '0011', 'BALBEOGO', 'VALERIE', '2006-12-31', 'F', '2018-01-11', '2018-01-11', 'MANGA', NULL, 1, NULL, 38, 0, '2022-08-23 12:08:09', '2022-08-23 12:08:09'),
(13, 7, 30, 2208, '0013', 'OUEDRAOGO', 'SAFIATOU', '2018-01-11', 'F', '2018-01-11', '2018-01-11', 'MANGA', NULL, 1, NULL, 38, 0, '2022-08-23 12:21:50', '2022-08-23 12:21:50'),
(14, 7, 30, 3006, '0014', 'BOUDA', 'ADELINE', '2008-05-14', 'F', '2018-01-11', '2018-01-11', 'MANGA', NULL, 1, NULL, 38, 0, '2022-08-23 12:32:45', '2022-08-23 12:32:45'),
(15, 7, 30, 3006, '0015', 'KABRE', 'MAMOUNATA', '1976-12-31', 'F', '2018-01-11', '2018-01-11', 'MANGA', NULL, 1, NULL, 38, 0, '2022-08-23 14:09:32', '2022-08-23 14:09:32'),
(16, 7, 30, 3006, '0016', 'GUIGMA', 'ODETTE', '2001-12-31', 'F', '2018-01-11', '2018-01-11', 'MANGA', NULL, 1, NULL, 38, 0, '2022-08-23 14:13:44', '2022-08-23 14:13:44'),
(17, 7, 30, 3006, '0017', 'ZOUNGRANA', 'TAIBATOU', '2007-05-19', 'F', '2018-01-11', '2018-01-11', 'MANGA', NULL, 1, NULL, 38, 0, '2022-08-23 14:18:48', '2022-08-23 14:18:48'),
(18, 7, 30, 3006, '0018', 'ROUMBA', 'RATOUSWENDE  EPIPHANIE', '2018-01-07', 'F', '2018-01-31', '2018-01-31', 'MANGA', NULL, 5, NULL, 38, 0, '2022-08-23 14:26:19', '2022-08-23 14:26:19'),
(19, 7, 30, 3006, '0019', 'NIKIEMA', 'MACHAMADI TORHATOU', '2018-01-01', 'F', '2018-01-31', '2018-01-31', 'MANGA', NULL, 5, NULL, 38, 0, '2022-08-23 14:38:37', '2022-08-23 14:38:37'),
(20, 7, 22, 3006, '0020', 'KOLOGO', 'ANGE BERTILLE', '2018-01-11', 'F', '2018-01-31', '2018-01-31', 'MANGA', NULL, 1, NULL, 38, 0, '2022-08-23 14:42:12', '2022-08-23 14:42:12'),
(21, 7, 30, 3006, '0021', 'BONKOUNGOU', 'ABDOUL RACHID', '2018-01-09', 'M', '2018-01-31', '2018-01-31', 'MANGA', NULL, 5, NULL, 38, 0, '2022-08-23 14:45:22', '2022-08-23 14:45:22'),
(22, 7, 30, 3006, '0022', 'ILBOUDO', 'WENDSONGDO SYLVESTRE', '2018-01-31', 'M', '2018-01-31', '2018-01-31', 'MANGA', NULL, 5, NULL, 38, 0, '2022-08-23 14:50:54', '2022-08-23 14:50:54'),
(23, 7, 30, 3006, '0023', 'OUEDRAOGO', 'RAYANGNEYIOSGO HAMIDOU', '2018-01-12', 'M', '2018-01-31', '2018-01-31', 'MANGA', NULL, 5, NULL, 38, 0, '2022-08-23 14:56:23', '2022-08-23 14:56:23'),
(24, 7, 30, 3006, '0024', 'BILGO', 'RAYENEMANEGRE XAVIER', '2018-01-01', 'M', '2018-01-31', '2018-01-31', 'MANGA', NULL, 1, NULL, 38, 0, '2022-08-23 15:01:47', '2022-08-23 15:01:47'),
(25, 7, 30, 3006, '0025', 'TIEMTORE', 'ALIYATOU', '2018-01-07', 'F', '2018-01-31', '2018-01-31', 'MANGA', NULL, 10, NULL, 38, 0, '2022-08-23 15:06:05', '2022-08-23 15:06:05'),
(26, 7, 30, 3006, '0026', 'YERBANGA', 'MAICHARA', '2018-01-31', 'M', '2018-01-31', '2018-01-31', 'MANGA', NULL, 5, NULL, 38, 0, '2022-08-23 15:10:27', '2022-08-23 15:10:27'),
(27, 7, 30, 3006, '0027', 'NANA', 'WENDENDA ROSELINE ASHEY', '2018-01-17', 'F', '2018-01-31', '2018-01-31', 'MANGA', NULL, 5, NULL, 38, 0, '2022-08-23 15:14:06', '2022-08-23 15:14:06'),
(28, 7, 30, 3006, '0028', 'KONDITAMDE', 'MAORIUS KISWENDSIDA', '2018-01-19', 'M', '2018-01-31', '2018-01-31', 'MANGA', NULL, 7, NULL, 38, 0, '2022-08-23 15:19:32', '2022-08-23 15:19:32'),
(29, 7, 30, 3006, '0029', 'DIALLO', 'MAMOUNATA', '2014-01-07', 'F', '2018-01-18', '2018-01-18', 'MANGA', NULL, 1, NULL, 38, 0, '2022-08-23 15:23:46', '2022-08-23 15:23:46'),
(30, 7, 30, 3006, '0030', 'DIALLO', 'SIDI', '1998-12-31', 'M', '2018-01-18', '2018-01-18', 'MANGA', NULL, 1, NULL, 38, 0, '2022-08-23 15:27:46', '2022-08-23 15:27:46'),
(31, 7, 30, 3006, '0031', 'BOUDA', 'NOUROUDINE', '2011-11-06', 'F', '2018-01-18', '2018-01-18', 'MANGA', NULL, 1, NULL, 38, 0, '2022-08-23 15:33:23', '2022-08-23 15:33:23'),
(32, 7, 30, 2208, '0032', 'SANA', 'IBRAHIM', '1996-12-31', 'M', '2018-01-18', '2018-01-18', 'MANGA', NULL, 1, NULL, 38, 0, '2022-08-23 15:57:09', '2022-08-23 15:57:09'),
(33, 7, 30, 3006, '0033', 'COMPAORE', 'MARIE EVELINE', '1976-12-31', 'F', '2018-01-18', '2018-01-18', 'MANGA', NULL, 1, NULL, 38, 0, '2022-08-23 16:11:41', '2022-08-23 16:11:41'),
(34, 7, 30, 3006, '0034', 'YAOGO', 'RABOULIGNESGO VIVIANE', '2000-09-22', 'F', '2018-01-18', '2018-01-18', 'MANGA', NULL, 1, NULL, 38, 0, '2022-08-23 16:17:54', '2022-08-23 16:17:54'),
(35, 7, 30, 3006, '0035', 'KABRE', 'PALINGWENDE ANNA', '2017-05-07', 'F', '2018-01-18', '2018-01-18', 'MANGA', NULL, 1, NULL, 38, 0, '2022-08-23 16:22:02', '2022-08-23 16:22:02'),
(36, 7, 30, 3006, '0036', 'COMPAORE', 'DIDIER ABDOU', '2009-12-31', 'M', '2018-01-18', '2018-01-18', 'MANGA', NULL, 1, NULL, 38, 0, '2022-08-23 16:25:41', '2022-08-23 16:25:41'),
(37, 7, 30, 3006, '0037', 'KABRE', 'BOENZEMWENDE ANGE DORIANE', '2015-02-28', 'F', '2018-01-18', '2018-01-18', 'MANGA', NULL, 1, NULL, 38, 0, '2022-08-23 16:29:24', '2022-08-23 16:29:24'),
(38, 7, 30, 3006, '0038', 'ZOUNGRANA', 'PARFAIT MARC', '1998-12-31', 'M', '2018-01-18', '2018-01-18', 'MANGA', NULL, 1, NULL, 38, 0, '2022-08-23 16:33:46', '2022-08-23 16:33:46'),
(39, 7, 30, 3006, '0039', 'OUEDRAOGO', 'HAMADO', '2012-02-15', 'M', '2018-01-18', '2018-01-18', 'MANGA', NULL, 1, NULL, 38, 0, '2022-08-23 16:37:33', '2022-08-23 16:37:33'),
(40, 7, 30, 3006, '0040', 'DIALLO', 'ABLASSE', '2016-11-19', 'M', '2018-01-18', '2018-01-18', 'MANGA', NULL, 1, NULL, 38, 0, '2022-08-23 16:45:45', '2022-08-23 16:45:45'),
(41, 7, 30, 3006, '0041', 'DIALLO', 'MAHAMOUDOU', '2014-01-07', 'M', '2018-01-18', '2018-01-18', 'MANGA', NULL, 1, NULL, 38, 0, '2022-08-24 08:20:51', '2022-08-24 08:20:51'),
(42, 7, 30, 3006, '0042', 'GOUNGOUNGA', 'KISWENDSIDA JEAN KEVIN', '2018-01-18', 'M', '2018-01-31', '2018-01-31', 'MANGA', NULL, 1, NULL, 38, 0, '2022-08-24 08:28:09', '2022-08-24 08:28:09'),
(43, 7, 30, 3006, '0043', 'ILBOUDO', 'EULALIE', '2018-01-25', 'F', '2018-01-31', '2018-01-31', 'MANGA', NULL, 7, NULL, 38, 0, '2022-08-24 08:32:12', '2022-08-24 08:32:12'),
(44, 7, 30, 3006, '0044', 'REGTOUMDA', 'SAFOURATA', '2018-01-20', 'F', '2018-01-31', '2018-01-31', 'MANGA', NULL, 1, NULL, 38, 0, '2022-08-24 08:36:14', '2022-08-24 08:36:14'),
(45, 7, 30, 3006, '0045', 'SEGDA', 'MARIE FLORIANE', '2018-01-23', 'F', '2018-01-31', '2018-01-31', 'MANGA', NULL, 5, NULL, 38, 0, '2022-08-24 08:39:08', '2022-08-24 08:39:08'),
(46, 7, 30, 3006, '0046', 'ILBOUDO', 'RAZANGWENDE ELZA BIENVENUE', '2018-01-22', 'F', '2018-01-31', '2018-01-31', 'MANGA', NULL, 5, NULL, 38, 0, '2022-08-24 08:42:30', '2022-08-24 08:42:30'),
(47, 7, 30, 3006, '0047', 'BOUDA', 'ZOEWENDTALLE REMY', '2018-01-17', 'M', '2018-01-31', '2018-01-31', 'MANGA', NULL, 1, NULL, 38, 0, '2022-08-24 08:47:26', '2022-08-24 08:47:26'),
(48, 7, 30, 3006, '0048', 'ZOUNGRANA', 'PRISCA', '2018-01-19', 'F', '2018-01-31', '2018-01-31', 'MANGA', NULL, 10, NULL, 38, 0, '2022-08-24 08:59:22', '2022-08-24 08:59:22'),
(49, 7, 30, 3006, '0049', 'ZABRE', 'WENDKANI IVES', '2018-01-13', 'M', '2018-01-31', '2018-01-31', 'MANGA', NULL, 5, NULL, 38, 0, '2022-08-24 09:07:11', '2022-08-24 09:07:11'),
(50, 7, 30, 3006, '0050', 'GUEBRE', 'OUBAIDA', '2018-01-26', 'M', '2018-01-31', '2018-01-31', 'MATERNITE DE MANGA', NULL, 1, NULL, 38, 0, '2022-08-24 09:15:17', '2022-08-24 09:15:17'),
(51, 7, 30, 3006, '0051', 'BILGO', 'NORAOGO LEONEL', '2018-01-24', 'M', '2018-01-31', '2018-01-31', 'CSPS URBAIN DE MANGA', NULL, 5, NULL, 38, 0, '2022-08-24 09:48:02', '2022-08-24 09:48:02'),
(52, 7, 22, 3006, '0052', 'DABRE', 'MAGCHARAH', '2018-01-19', 'F', '2018-01-31', '2018-01-31', 'MATERNITE DE MANGA', NULL, 1, NULL, 38, 0, '2022-08-24 09:52:10', '2022-08-24 09:52:10'),
(53, 7, 30, 3006, '0053', 'DABRE', 'YOUSRAH', '2018-01-19', 'F', '2018-01-31', '2018-01-31', 'MATERNITE DE MANGA', NULL, 1, NULL, 38, 0, '2022-08-24 09:56:27', '2022-08-24 09:56:27'),
(54, 7, 30, 3006, '0054', 'ROUAMBA', 'WENDYAM MARCELIN', '2018-01-30', 'M', '2018-01-31', '2018-01-31', 'CSPS URBAIN DE MANGA', NULL, 5, NULL, 38, 0, '2022-08-24 10:00:04', '2022-08-24 10:00:04'),
(55, 7, 30, 3006, '0055', 'TONDE', 'LEGDWENDE LUCIEN SYLVESTRE', '2018-01-08', 'M', '2018-01-31', '2018-01-31', 'CSPS URBAIN DE MANGA', NULL, 1, NULL, 38, 0, '2022-08-24 10:09:55', '2022-08-24 10:09:55'),
(56, 7, 30, 3006, '0056', 'BOUDA', 'CHARIFATOU AMIFATOU', '2018-01-02', 'F', '2018-01-31', '2018-01-31', 'MATERNITE DE MANGA', NULL, 1, NULL, 38, 0, '2022-08-24 10:15:18', '2022-08-24 10:15:18'),
(57, 7, 30, 3006, '0057', 'ROUAMBA', 'ABDOUL FATASSE', '2018-01-11', 'M', '2018-01-31', '2018-01-31', 'MATERNITE DE MANGA', NULL, 1, NULL, 38, 0, '2022-08-24 10:21:14', '2022-08-24 10:21:14'),
(58, 7, 30, 3006, '0058', 'TAITA', 'ALI', '2018-01-10', 'M', '2018-01-31', '2018-01-31', 'MATERNITE DE MANGA', NULL, 1, NULL, 38, 0, '2022-08-24 10:26:42', '2022-08-24 10:26:42'),
(59, 7, 30, 3006, '0059', 'TIENDREBEOGO', 'BOINZEMWENDE TITE PHANUEL', '2018-01-26', 'M', '2018-01-31', '2018-01-31', 'MATERNITE DE MANGA', NULL, 1, NULL, 38, 0, '2022-08-24 10:31:48', '2022-08-24 10:31:48'),
(60, 7, 30, 3006, '0060', 'GUIGMA', 'GRACE ADOUA', '2018-01-30', 'F', '2018-01-31', '2018-01-31', 'MATERNITE DE MANGA', NULL, 1, NULL, 38, 0, '2022-08-24 10:35:42', '2022-08-24 10:35:42'),
(61, 7, 30, 3006, '0061', 'BOUDA', 'CHEICK MOHAMED ABDALLAH', '2018-01-13', 'M', '2018-01-31', '2018-01-31', 'CSPS URBAI DE MANGA', NULL, 1, NULL, 38, 0, '2022-08-24 10:39:15', '2022-08-24 10:39:15'),
(62, 7, 30, 3006, '0062', 'OUEDRAOGO', 'RAYMOND', '2018-01-07', 'M', '2018-01-31', '2018-01-31', 'CSPS URBAIN DE MANGA', NULL, 5, NULL, 38, 0, '2022-08-24 10:44:01', '2022-08-24 10:44:01'),
(63, 7, 30, 3006, '0063', 'CONGO', 'LAMINE', '2018-01-23', 'M', '2018-01-31', '2018-01-31', 'CSPS URBAIN DE MANGA', NULL, 5, NULL, 38, 0, '2022-08-24 10:47:25', '2022-08-24 10:47:25'),
(64, 7, 30, 3006, '0064', 'KIEMTORE', 'ADAMA', '2018-01-26', 'M', '2018-01-31', '2018-01-31', 'CSPS URBAIN MANGA', NULL, 5, NULL, 38, 0, '2022-08-24 10:50:21', '2022-08-24 10:50:21'),
(65, 7, 22, 3006, '0065', 'TAPSOBA', 'WENDPOURE LUCAS VARDI', '2018-02-02', 'M', '2018-02-28', '2018-02-28', 'CSPS URBAIN MANGA', NULL, 1, NULL, 38, 0, '2022-08-24 10:54:52', '2022-08-24 10:54:52'),
(66, 7, 30, 3006, '0066', 'BOUDA', 'ALIMATA SADIA', '2018-01-03', 'F', '2018-01-31', '2018-01-31', 'CSPS DE SAKUILGA', NULL, 3, NULL, 38, 0, '2022-08-24 11:01:29', '2022-08-24 11:01:29'),
(67, 7, 30, 3006, '0067', 'YAOGO', 'SAMDBWAOGA MADELEINE', '2018-01-23', 'F', '2018-01-31', '2018-01-31', 'CSPS URBAIN DE MANGA', NULL, 5, NULL, 38, 0, '2022-08-24 11:11:39', '2022-08-24 11:11:39'),
(68, 7, 30, 3006, '0068', 'BOUGMA', 'CHRISTIAN FLAVIEN JUNIOR', '2018-01-07', 'M', '2018-01-31', '2018-01-31', 'CSPS URBAIN DE MANGA', NULL, 5, NULL, 38, 0, '2022-08-24 11:15:55', '2022-08-24 11:15:55'),
(69, 7, 22, 3006, '0069', 'ZOUNGRANA', 'TATIANA PRISCA', '2018-01-15', 'F', '2018-01-31', '2018-01-31', 'CSPS DE SAKUILGA', NULL, 3, NULL, 38, 0, '2022-08-24 11:19:03', '2022-08-24 11:19:03'),
(70, 7, 30, 3006, '0070', 'WEMDA', 'CLARISSE', '2017-11-05', 'F', '2018-01-25', '2018-01-25', 'MANGA', NULL, 1, NULL, 38, 0, '2022-08-24 11:23:36', '2022-08-24 11:23:36'),
(71, 7, 30, 3006, '0071', 'BOUDA', 'AWA', '1993-12-31', 'F', '2018-01-25', '2018-01-25', 'SAKUILGA', NULL, 3, NULL, 38, 0, '2022-08-24 11:27:04', '2022-08-24 11:27:04'),
(72, 7, 30, 3006, '0072', 'BOUDA', 'NATACHA', '2015-08-13', 'F', '2018-01-25', '2018-01-25', 'SAKUILGA', NULL, 3, NULL, 38, 0, '2022-08-24 11:30:37', '2022-08-24 11:30:37'),
(73, 7, 30, 3006, '0073', 'OUEDRAOGO', 'TALATO', '2011-12-31', 'F', '2018-01-25', '2018-01-25', 'SAKUILGA', NULL, 3, NULL, 38, 0, '2022-08-24 11:33:33', '2022-08-24 11:33:33'),
(74, 7, 30, 3006, '0074', 'BELEM', 'BERNARD', '1992-12-31', 'M', '2018-01-25', '2018-01-25', 'SAKUILGA', NULL, 3, NULL, 38, 0, '2022-08-24 11:43:21', '2022-08-24 11:43:21'),
(75, 7, 30, 3006, '0075', 'ILBOUDO', 'JOSIANE', '2016-12-13', 'F', '2018-01-25', '2018-01-25', 'MANGA', NULL, 1, NULL, 38, 0, '2022-08-24 11:46:05', '2022-08-24 11:46:05'),
(76, 7, 30, 3006, '0076', 'NACOULMA', 'SOUTONGNOMA ROSALIE', '1993-08-24', 'F', '2018-01-25', '2018-01-25', 'SAKUILGA', NULL, 3, NULL, 38, 0, '2022-08-24 11:52:18', '2022-08-24 11:52:18'),
(77, 7, 30, 3006, '0077', 'OUEDRAOGO', 'HELENE', '1997-08-08', 'F', '2018-01-25', '2018-01-25', 'SAKUILGA', NULL, 3, NULL, 38, 0, '2022-08-24 11:55:15', '2022-08-24 11:55:15'),
(78, 7, 30, 3006, '0077', 'OUEDRAOGO', 'HELENE', '1997-08-08', 'F', '2018-01-25', '2018-01-25', 'SAKUILGA', NULL, 3, NULL, 38, 0, '2022-08-24 11:55:15', '2022-08-24 11:55:15'),
(79, 7, 30, 3006, '0078', 'OUEDRAOGO', 'ASSETA', '2009-12-31', 'F', '2018-01-25', '2018-01-25', 'MANGA', NULL, 1, NULL, 38, 0, '2022-08-24 11:58:54', '2022-08-24 11:58:54'),
(80, 7, 30, 3006, '0079', 'NOMBO', 'VICTORINE', '2000-12-31', 'F', '2018-01-25', '2018-01-25', 'KIRA', NULL, 1, NULL, 38, 0, '2022-08-24 12:03:50', '2022-08-24 12:03:50'),
(81, 7, 30, 3006, '0079', 'NOMBO', 'VICTORINE', '2000-12-31', 'F', '2018-01-25', '2018-01-25', 'KIRA', NULL, 1, NULL, 38, 0, '2022-08-24 12:03:51', '2022-08-24 12:03:51'),
(82, 7, 30, 3006, '0080', 'ILBOUDO', 'KOUDPIGA EUGENIE', '1989-12-31', 'F', '2018-01-25', '2018-01-25', 'LEONGO', NULL, 1, NULL, 38, 0, '2022-08-24 12:07:59', '2022-08-24 12:07:59'),
(83, 7, 30, 3006, '0081', 'YAOGO', 'YABYOURE MICHEL', '2008-03-22', 'M', '2018-01-25', '2018-01-25', 'MANGA', NULL, 1, NULL, 38, 0, '2022-08-24 12:13:08', '2022-08-24 12:13:08'),
(84, 7, 30, 3006, '0082', 'NACOULMA', 'TALATO', '1988-12-31', 'M', '2018-01-25', '2018-01-25', 'TOULA', NULL, 1, NULL, 38, 0, '2022-08-24 12:21:26', '2022-08-24 12:21:26'),
(85, 7, 30, 3006, '0083', 'SANA', 'AWA', '1992-12-31', 'F', '2018-01-25', '2018-01-25', 'MANGA', NULL, 1, NULL, 38, 0, '2022-08-24 12:26:29', '2022-08-24 12:26:29'),
(86, 7, 30, 3006, '0084', 'KABRE', 'NATACHA', '2015-09-08', 'F', '2018-01-25', '2018-01-25', 'ZIGLA', NULL, 7, NULL, 38, 0, '2022-08-24 12:29:47', '2022-08-24 12:29:47'),
(87, 7, 30, 3006, '0085', 'GUIGMA', 'JULIENNE', '1996-12-31', 'F', '2018-01-25', '2018-01-25', 'ZIGLA', NULL, 7, NULL, 38, 0, '2022-08-24 13:31:06', '2022-08-24 13:31:06'),
(88, 7, 30, 3006, '0086', 'ZOUNGRANA', 'NARCISSE', '2016-10-16', 'M', '2018-01-25', '2018-01-25', 'MANGA', NULL, 1, NULL, 38, 0, '2022-08-24 13:33:54', '2022-08-24 13:33:54'),
(89, 7, 30, 3006, '0087', 'NOMBO', 'FRANCK ANAEL', '2017-10-03', 'M', '2018-01-25', '2018-01-25', 'KIRA', NULL, 1, NULL, 38, 0, '2022-08-24 13:38:44', '2022-08-24 13:38:44'),
(90, 7, 30, 3006, '0088', 'OUEDRAOGO', 'SAMADOU', '2018-01-30', 'M', '2018-01-31', '2018-01-31', 'CSPS URBAIN DE MANGA', NULL, 5, NULL, 38, 0, '2022-08-24 13:42:58', '2022-08-24 13:42:58'),
(91, 7, 30, 3006, '0089', 'NANA', 'YABYOURE ELOGE', '2018-02-01', 'M', '2018-02-28', '2018-02-28', 'CSPS URBAIN DE MANGA', NULL, 5, NULL, 38, 0, '2022-08-24 13:46:54', '2022-08-24 13:46:54'),
(92, 7, 30, 3006, '0090', 'MARE', 'SEBASTIEN WENDPAGNAGDA', '2018-01-20', 'M', '2018-01-31', '2018-01-31', 'MATERNITE DE MANGA', NULL, 1, NULL, 38, 0, '2022-08-24 13:54:09', '2022-08-24 13:54:09'),
(93, 7, 30, 3006, '0091', 'ILBOUDO', 'MAHAMADI', '2018-02-04', 'M', '2018-02-28', '2018-02-28', 'CSPS URBAIN DE MANGA', NULL, 5, NULL, 38, 0, '2022-08-24 13:59:37', '2022-08-24 13:59:37'),
(94, 7, 30, 3006, '0092', 'ZOUNGRANA', 'ISSAKA', '2017-01-09', 'M', '2018-02-28', '2018-02-28', 'CSPS URBAIN DE MANGA', NULL, 5, NULL, 38, 0, '2022-08-24 14:04:57', '2022-08-24 14:04:57'),
(95, 7, 30, 3006, '0093', 'OUEDRAOGO', 'OUMOU SALIM', '2017-01-28', 'F', '2018-01-31', '2018-01-31', 'MATERNITE DE MANGA', NULL, 1, NULL, 38, 0, '2022-08-24 14:08:42', '2022-08-24 14:08:42'),
(96, 7, 30, 3006, '0094', 'NACOULMA', 'FAISSAL', '2018-01-14', 'M', '2018-01-31', '2018-01-31', 'CSPS DE SAKUILGA', NULL, 3, NULL, 38, 0, '2022-08-24 14:12:54', '2022-08-24 14:12:54'),
(97, 7, 30, 3006, '0095', 'ILBOUDO', 'CHARITTA INES', '2018-01-21', 'F', '2018-01-31', '2018-01-31', 'CSPS DE KOULPELOGHIN', NULL, 10, NULL, 38, 0, '2022-08-24 14:21:54', '2022-08-24 14:21:54'),
(98, 7, 30, 3006, '0096', 'NANA', 'SAIDATOU', '2018-01-14', 'F', '2018-01-31', '2018-01-31', 'MATERNITE DEMANGA', NULL, 1, NULL, 38, 0, '2022-08-24 14:27:24', '2022-08-24 14:27:24'),
(99, 7, 30, 3006, '0096', 'NANA', 'SAIDATOU', '2018-01-14', 'F', '2018-01-31', '2018-01-31', 'MATERNITE DEMANGA', NULL, 1, NULL, 38, 0, '2022-08-24 14:27:24', '2022-08-24 14:27:24'),
(100, 7, 30, 3006, '0097', 'OUEDRAOGO', 'RACHID', '2006-12-31', 'M', '2018-02-01', '2018-02-01', 'BASGANA', NULL, 1, NULL, 38, 0, '2022-08-24 14:36:47', '2022-08-24 14:36:47'),
(101, 7, 30, 3006, '0098', 'GUIGMA', 'WENDMALEGDA BASSIRATOU', '2018-01-24', 'F', '2018-01-31', '2018-01-31', 'CSPS URBAIN DE MANGA', NULL, 5, NULL, 38, 0, '2022-08-24 14:41:08', '2022-08-24 14:41:08'),
(102, 7, 30, 3006, '0099', 'NIKIEMA', 'ABIDINE', '2018-01-06', 'M', '2018-01-31', '2018-01-31', 'CSPS DE SAKUILGA', NULL, 3, NULL, 38, 0, '2022-08-24 14:46:28', '2022-08-24 14:46:28'),
(103, 7, 30, 3006, '0100', 'NACOULMA', 'BALGUISSOU', '2003-08-04', 'F', '0018-02-08', '2018-02-08', 'BASGANA', NULL, 1, NULL, 38, 0, '2022-08-24 14:50:00', '2022-08-24 14:50:00'),
(104, 7, 22, 3006, '0101', 'BOUDA', 'KOMYOBYAM YASMINE', '2017-09-29', 'F', '2018-02-01', '2018-02-01', 'ZIGLA', NULL, 7, NULL, 38, 0, '2022-08-24 15:37:05', '2022-08-24 15:37:05'),
(105, 7, 30, 3006, '0102', 'COMPAORE', 'AMIRA RAGUILGSIDA', '2015-12-31', 'F', '2018-02-01', '2018-02-01', 'MANGA', NULL, 1, NULL, 38, 0, '2022-08-24 15:55:55', '2022-08-24 15:55:55'),
(106, 7, 30, 3006, '0103', 'CONGO', 'MAHAMADI', '2018-06-09', 'M', '2018-02-01', '2018-02-01', 'BASGANA', NULL, 2, NULL, 38, 0, '2022-08-25 08:05:24', '2022-08-25 08:05:24'),
(107, 7, 30, 3006, '0104', 'BANDE', 'AMINATA', '1993-12-31', 'F', '2018-02-01', '2018-02-01', 'MANGA', NULL, 1, NULL, 38, 0, '2022-08-25 08:09:54', '2022-08-25 08:09:54'),
(108, 7, 30, 3006, '0105', 'CONGO', 'ABDOUL FATHAO', '1999-12-31', 'M', '2018-02-01', '2018-02-01', 'MANGA', NULL, 1, NULL, 38, 0, '2022-08-25 08:18:14', '2022-08-25 08:18:14'),
(109, 7, 30, 3006, '0106', 'TIEMTORE', 'ABIBOU', '1998-12-31', 'F', '2018-02-01', '2018-02-01', 'GANWOKO', NULL, 1, NULL, 38, 0, '2022-08-25 08:25:13', '2022-08-25 08:25:13'),
(110, 7, 30, 3006, '0107', 'BELEM', 'SALIFOU', '1966-12-31', 'M', '2018-02-01', '2018-02-01', 'TOULA', NULL, 1, NULL, 38, 0, '2022-08-25 08:31:11', '2022-08-25 08:31:11'),
(111, 7, 30, 3006, '0108', 'DIMZOURE', 'ROSALIE', '2001-12-31', 'F', '2018-02-01', '2018-02-01', 'BASGANA', NULL, 2, NULL, 38, 0, '2022-08-25 08:34:05', '2022-08-25 08:34:05'),
(112, 7, 30, 3006, '0109', 'NACOULMA', 'TATIANA', '2009-12-31', 'F', '2018-02-01', '2018-02-01', 'TOULA', NULL, 1, NULL, 38, 0, '2022-08-25 08:37:21', '2022-08-25 08:37:21'),
(113, 7, 30, 3006, '0110', 'OUEDRAOGO', 'WENDLASIDA PASCAL', '2000-12-31', 'M', '2018-02-01', '2018-02-01', 'MANGA', NULL, 1, NULL, 38, 0, '2022-08-25 08:41:04', '2022-08-25 08:41:04'),
(114, 7, 30, 3006, '0111', 'CONGO', 'ORNELA', '2012-05-06', 'F', '2018-02-01', '2018-02-01', 'MANGA', NULL, 1, NULL, 38, 0, '2022-08-25 08:44:16', '2022-08-25 08:44:16'),
(115, 7, 30, 3006, '0112', 'BOUDA', 'WENDPENGA IVES ENSELME', '2018-01-02', 'M', '2018-02-28', '2018-02-28', 'MATERNITE DE MANGA', NULL, 1, NULL, 38, 0, '2022-08-25 08:50:16', '2022-08-25 08:50:16'),
(116, 7, 30, 3006, '0113', 'OUANGA', 'SALAMATA', '2018-01-03', 'F', '2018-02-28', '2018-02-28', 'CSPS DE KOULPELOGHIN', NULL, 10, NULL, 38, 0, '2022-08-25 08:54:11', '2022-08-25 08:54:11'),
(117, 7, 30, 3006, '0114', 'COMPAORE', 'WENDINDA CHADRACK JUNIOR ARNAUD', '2018-02-10', 'M', '2018-02-28', '2018-02-28', 'MATERNITE DE MANGA', NULL, 1, NULL, 38, 0, '2022-08-25 08:58:45', '2022-08-25 08:58:45'),
(118, 7, 30, 3006, '0115', 'TIEMTORE', 'OUMAROU', '2004-12-04', 'M', '2018-02-08', '2018-02-08', 'MANGA', NULL, 1, NULL, 38, 0, '2022-08-25 09:01:18', '2022-08-25 09:01:18'),
(119, 7, 30, 3006, '0116', 'OUEDRAOGO', 'ABDOUL HAADI', '2016-09-15', 'M', '2018-02-08', '2018-02-08', 'MANGA', NULL, 1, NULL, 38, 0, '2022-08-25 09:27:52', '2022-08-25 09:27:52'),
(120, 7, 30, 3006, '0117', 'TIEMTORE', 'RAGNANGUEWENDE GRACE ELISABETH', '2017-09-06', 'F', '2018-02-08', '2018-02-08', 'MANGA', NULL, 1, NULL, 38, 0, '2022-08-25 09:35:09', '2022-08-25 09:35:09'),
(121, 7, 30, 3006, '0118', 'ZOUNGRANA', 'LAURE PULCHERIE', '2018-01-03', 'F', '2018-02-28', '2018-02-28', 'ZIGLA', NULL, 7, NULL, 38, 0, '2022-08-25 09:38:18', '2022-08-25 09:38:18'),
(122, 7, 30, 3006, '0119', 'TIEMTORE', 'WENDKUUNI MOSHOUDA', '2018-01-27', 'M', '2018-02-28', '2018-02-28', 'CSPS DE SAKUILGA', NULL, 3, NULL, 38, 0, '2022-08-25 09:57:29', '2022-08-25 09:57:29'),
(123, 7, 30, 3006, '0120', 'KABORE', 'ARNAUD BAYANE CLOVIS', '2018-02-04', 'M', '2018-02-28', '2018-02-28', 'KOULPELOGUIN', NULL, 10, NULL, 38, 0, '2022-08-25 10:02:47', '2022-08-25 10:02:47'),
(124, 7, 30, 3006, '0121', 'KABRE', 'EULALIE', '2017-12-30', 'F', '2018-02-28', '2018-02-28', 'SAKUILGA', NULL, 3, NULL, 38, 0, '2022-08-25 10:05:34', '2022-08-25 10:05:34'),
(125, 7, 30, 3006, '0122', 'SANOU', 'RAMLA AZIZA', '2018-01-30', 'M', '2018-02-28', '2018-02-28', 'MATERNITE DE MANGA', NULL, 1, NULL, 38, 0, '2022-08-25 10:09:29', '2022-08-25 10:09:29'),
(126, 7, 30, 3006, '0123', 'YAOGO', 'SONGDIWAOGO OCEANE', '2018-01-21', 'F', '2018-02-28', '2018-02-28', 'MATERNITE DE MANGA', NULL, 1, NULL, 38, 0, '2022-08-25 10:14:14', '2022-08-25 10:14:14'),
(127, 7, 30, 3006, '0124', 'NANA', 'ASHLEY ARIANE', '2018-01-10', 'F', '2018-01-30', '2018-01-30', 'CSPS URBAIN DE MANGA', NULL, 1, NULL, 38, 0, '2022-08-25 10:17:46', '2022-08-25 10:17:46'),
(128, 7, 30, 3006, '0125', 'SARE', 'ABDOUL RACHIDOU', '2017-12-30', 'M', '2018-02-28', '2018-02-28', 'MATERNITE DE MANGA', NULL, 1, NULL, 38, 0, '2022-08-25 10:22:20', '2022-08-25 10:22:20'),
(129, 7, 30, 3006, '0126', 'SARE', 'ABDOUL WACHIROU', '2017-12-30', 'M', '2018-02-28', '2018-02-28', 'MATERNITE DE MANGA', NULL, 1, NULL, 38, 0, '2022-08-25 10:27:02', '2022-08-25 10:27:02'),
(130, 7, 30, 3006, '0127', 'YAOGO', 'ISABELLE', '1973-12-31', 'F', '2018-02-05', '2018-02-05', 'MANGA', NULL, 1, NULL, 38, 0, '2022-08-25 10:32:33', '2022-08-25 10:32:33'),
(131, 7, 30, 3006, '0128', 'NIKIEMA', 'Grâce Doriane', '2017-11-27', 'F', '2018-02-08', '2018-02-08', 'Manga', NULL, 1, NULL, 38, 0, '2022-08-25 10:41:34', '2022-08-25 10:41:34'),
(132, 7, 30, 3006, '0129', 'ZOUNGRANA', 'Cédric', '2012-06-30', 'M', '2018-02-08', '2018-02-08', 'Manga', NULL, 1, NULL, 38, 0, '2022-08-25 10:45:04', '2022-08-25 10:45:04'),
(133, 7, 30, 3006, '0130', 'NIKIEMA', 'Edouard', '1994-12-31', 'M', '2018-02-08', '2018-02-08', 'Larga', NULL, 1, NULL, 38, 0, '2022-08-25 10:48:31', '2022-08-25 10:48:31'),
(134, 7, 30, 3006, '0131', 'OUEDA', 'Rabi', '2000-12-31', 'M', '2018-02-08', '2018-02-08', 'Basgana', NULL, 2, NULL, 38, 0, '2022-08-25 10:54:31', '2022-08-25 10:54:31'),
(135, 7, 30, 3006, '0132', 'BOUGMA', 'Romain', '2008-05-09', 'M', '2018-02-08', '2018-02-08', 'Sakuilga', NULL, 3, NULL, 38, 0, '2022-08-25 10:57:25', '2022-08-25 10:57:25'),
(136, 7, 30, 3006, '0133', 'NAKOULMA', 'Ange Germain', '2017-11-08', 'M', '2018-02-08', '2018-02-08', 'Manga', NULL, 1, NULL, 38, 0, '2022-08-25 11:00:39', '2022-08-25 11:00:39'),
(137, 7, 30, 3006, '0134', 'OUEDA', 'Assèta', '1993-12-31', 'F', '2018-02-08', '2018-02-08', 'BASGANA', NULL, 2, NULL, 38, 0, '2022-08-25 11:03:29', '2022-08-25 11:03:29'),
(138, 7, 30, 3006, '0135', 'BOUGMA', 'AMINATA', '1985-12-31', 'F', '2018-02-08', '2018-02-08', 'MANGA', NULL, 1, NULL, 38, 0, '2022-08-25 11:07:16', '2022-08-25 11:07:16'),
(139, 7, 30, 3006, '0136', 'YAOGO', 'NATACHA', '2011-12-31', 'F', '2018-02-08', '2018-02-08', 'MANGA', NULL, 1, NULL, 38, 0, '2022-08-25 11:10:05', '2022-08-25 11:10:05'),
(140, 7, 30, 3006, '0137', 'KINDA', 'WENDYAM ULRICH', '2017-10-27', 'M', '2018-02-08', '2018-02-08', 'MANGA', NULL, 1, NULL, 38, 0, '2022-08-25 11:13:27', '2022-08-25 11:13:27'),
(141, 7, 30, 3006, '0138', 'OUENA', 'MOHAMADI', '2014-05-30', 'M', '2018-02-08', '2018-02-08', 'BASGANA', NULL, 2, NULL, 38, 0, '2022-08-25 11:18:49', '2022-08-25 11:18:49'),
(142, 7, 30, 3006, '0139', 'TIEMTORE', 'KISWENDSIDA BRAYANE ABASSE', '2017-11-10', 'M', '2018-02-08', '2018-02-08', 'BASGANA', NULL, 2, NULL, 38, 0, '2022-08-25 11:24:18', '2022-08-25 11:24:18'),
(143, 7, 30, 3006, '0140', 'OUENA', 'ABDOUL RACHID', '2012-01-28', 'M', '2018-02-08', '2018-02-08', 'BASGANA', NULL, 2, NULL, 38, 0, '2022-08-25 11:27:33', '2022-08-25 11:27:33'),
(144, 7, 30, 3006, '0141', 'ZOUNGRANA', 'ADE', '2018-02-11', 'F', '2018-02-28', '2018-02-28', 'CSPS URBAIN DE MANGA', NULL, 5, NULL, 38, 0, '2022-08-25 11:32:22', '2022-08-25 11:32:22'),
(145, 7, 30, 3006, '0142', 'OUEDRAOGO', 'ANGELA', '2018-01-30', 'F', '2018-02-28', '2018-02-28', 'CSPS URBAIN DE MANGA', NULL, 5, NULL, 38, 0, '2022-08-25 11:36:09', '2022-08-25 11:36:09'),
(146, 7, 30, 3006, '0143', 'OUEDRAOGO', 'ANGE STEPHANIE', '2018-02-04', 'F', '2018-02-28', '2018-02-28', 'CSPS DE MANGA', NULL, 1, NULL, 38, 0, '2022-08-25 11:39:40', '2022-08-25 11:39:40'),
(147, 7, 30, 3006, '0144', 'NIKIEMA', 'WANDAABO LAUREINE GAELLE', '2018-02-06', 'F', '2018-02-28', '2018-02-28', 'CSPS URBAIN DE MANGA', NULL, 5, NULL, 38, 0, '2022-08-25 11:43:52', '2022-08-25 11:43:52'),
(148, 7, 30, 3006, '0145', 'OUEDA', 'ATIATOU', '2018-01-18', 'F', '2018-02-28', '2018-02-28', 'CSPS URBAIN DE MANGA', NULL, 5, NULL, 38, 0, '2022-08-25 11:49:30', '2022-08-25 11:49:30'),
(149, 7, 30, 3006, '0146', 'OUEDRAOGO', 'ABDOUL RACHID', '2018-02-28', 'M', '2018-02-28', '2018-02-28', 'MATERNITE DE MANGA', NULL, 1, NULL, 38, 0, '2022-08-25 11:57:18', '2022-08-25 11:57:18'),
(150, 7, 30, 3006, '0147', 'BOUGMA', 'AMDIATOU', '2018-01-20', 'F', '2018-02-28', '2018-02-28', 'ZAPTINGA', NULL, 6, NULL, 38, 0, '2022-08-25 12:00:47', '2022-08-25 12:00:47'),
(151, 7, 30, 3006, '0148', 'BOUGMA', 'ABDOUL KAMALI', '1999-12-31', 'M', '2018-02-15', '2018-02-15', 'MANGA', NULL, 1, NULL, 38, 0, '2022-08-25 12:04:39', '2022-08-25 12:04:39'),
(152, 7, 30, 3006, '0149', 'KINDA', 'FATI', '1982-01-01', 'F', '2018-02-15', '2018-02-15', 'BASGANA', NULL, 2, NULL, 38, 0, '2022-08-25 12:08:00', '2022-08-25 12:08:00'),
(153, 7, 30, 3006, '0150', 'ZOUNDI', 'ADOLPHE BAOWENDSOM MICHEL', '2018-02-17', 'M', '2018-02-28', '2018-02-28', 'CSPS URBAIN DE MANGA', NULL, 1, NULL, 38, 0, '2022-08-25 12:11:57', '2022-08-25 12:11:57'),
(154, 7, 30, 3006, '0151', 'NIKIEMA', 'WENDTOIN FOWZANA', '2018-02-05', 'M', '2018-02-28', '2018-02-28', 'CSPS URBAIN DE MANGA', NULL, 5, NULL, 38, 0, '2022-08-25 12:27:53', '2022-08-25 12:27:53'),
(155, 7, 30, 3006, '0152', 'TIEMTORE', 'MIKAILA', '2018-01-17', 'M', '2018-02-28', '2018-02-28', 'CSPS DE MANGA', NULL, 1, NULL, 38, 0, '2022-08-25 12:31:09', '2022-08-25 12:31:09'),
(156, 7, 30, 3006, '0153', 'ZOUNGRANA', 'ROMAIN', '2018-02-21', 'M', '2018-02-28', '2018-02-28', 'CSPS DE MANGA', NULL, 1, NULL, 38, 0, '2022-08-25 13:29:53', '2022-08-25 13:29:53'),
(157, 7, 30, 3006, '0154', 'DIPAMA', 'SOUTONGNOMA IMELDA JOCELINE', '2018-02-20', 'F', '2018-02-28', '2018-02-28', 'CSPS DE MANGA', NULL, 1, NULL, 38, 0, '2022-08-25 13:35:28', '2022-08-25 13:35:28'),
(158, 7, 30, 3006, '0155', 'COMPAORE', 'HOUZAIFA', '2018-02-23', 'M', '2018-02-28', '2018-02-28', 'MATERNITE DE MANGA', NULL, 1, NULL, 38, 0, '2022-08-25 13:39:03', '2022-08-25 13:39:03'),
(159, 7, 30, 3006, '0156', 'OUEDRAOGO', 'SAYBATA', '2018-01-02', 'F', '2018-02-28', '2018-02-28', 'CSPS DE MANGA', NULL, 1, NULL, 38, 0, '2022-08-25 13:42:14', '2022-08-25 13:42:14'),
(160, 7, 30, 3006, '0157', 'CONGO', 'OUMOUL KOULSSOUM', '2018-01-12', 'F', '2018-01-31', '2018-01-31', 'MATERNITE DE MANGA', NULL, 1, NULL, 38, 0, '2022-08-25 13:50:14', '2022-08-25 13:50:14'),
(161, 7, 30, 3006, '0158', 'ILBOUDO', 'FREDERIC', '2014-10-04', 'M', '2018-02-15', '2018-02-15', 'ZIGLA', NULL, 7, NULL, 38, 0, '2022-08-25 13:53:22', '2022-08-25 13:53:22'),
(162, 7, 30, 3006, '0159', 'NACOULMA', 'ODILE', '2000-12-31', 'F', '2018-02-15', '2018-02-15', 'TOULA', NULL, 1, NULL, 38, 0, '2022-08-25 13:56:37', '2022-08-25 13:56:37'),
(163, 7, 30, 3006, '0160', 'BOUDA', 'AMINATA', '1986-12-31', 'F', '2018-02-12', '2018-02-15', 'MANGA', NULL, 1, NULL, 38, 0, '2022-08-25 14:00:22', '2022-08-25 14:00:22'),
(164, 7, 30, 3006, '0161', 'YAOGO', 'MICHELINE', '2015-10-10', 'F', '2018-02-15', '2018-02-15', 'SAKUILGA', NULL, 3, NULL, 38, 0, '2022-08-25 14:03:50', '2022-08-25 14:03:50'),
(165, 7, 30, 3006, '0162', 'OUEDRAOGO', 'BLANDINE', '2008-04-10', 'F', '2018-02-15', '2018-02-15', 'MANGA', NULL, 1, NULL, 38, 0, '2022-08-25 14:06:31', '2022-08-25 14:06:31'),
(166, 7, 30, 3006, '0163', 'DIPAMA', 'ADJARATOU', '2008-12-31', 'F', '2018-02-15', '2018-02-15', 'KALAGTOEGA', NULL, 1, NULL, 38, 0, '2022-08-25 14:10:28', '2022-08-25 14:10:28'),
(167, 7, 30, 3006, '0164', 'DIPAMA', 'EVRAD', '2013-09-19', 'M', '2018-02-15', '2018-02-15', 'MANGA', NULL, 1, NULL, 38, 0, '2022-08-25 14:12:53', '2022-08-25 14:12:53'),
(168, 6, 30, 3006, '0165', 'ZOUNGRANA', 'HELENE', '2000-12-31', 'F', '2018-02-15', '2018-02-15', 'SAKUILGA', NULL, 1, NULL, 38, 0, '2022-08-25 14:16:01', '2022-08-25 14:16:01'),
(169, 7, 30, 3006, '0166', 'NIKIEMA', 'ABDOUL LATIF', '2016-12-31', 'M', '2018-02-15', '2018-02-15', 'LEONGO', NULL, 1, NULL, 38, 0, '2022-08-25 14:19:19', '2022-08-25 14:19:19'),
(170, 7, 30, 3006, '0167', 'TAPSOBA', 'BIBIANE', '2000-12-31', 'F', '2018-02-15', '2018-02-15', 'MANGA', NULL, 1, NULL, 38, 0, '2022-08-25 14:22:14', '2022-08-25 14:22:14'),
(171, 7, 30, 3006, '0168', 'BOUDA', 'SALIMATA', '1995-12-31', 'F', '2018-02-15', '2018-02-15', 'MANGA', NULL, 1, NULL, 38, 0, '2022-08-25 14:24:19', '2022-08-25 14:24:19'),
(172, 7, 30, 3006, '0169', 'OUEDRAOGO', 'ABDOUL RACHID', '2011-09-08', 'M', '2018-02-15', '2018-02-15', 'MANGA', NULL, 1, NULL, 38, 0, '2022-08-25 14:30:09', '2022-08-25 14:30:09'),
(173, 7, 30, 3006, '0170', 'SEGDA', 'ABDOUL RACHID', '2012-05-05', 'M', '2018-02-15', '2018-02-15', 'MANGA', NULL, 1, NULL, 38, 0, '2022-08-25 14:33:36', '2022-08-25 14:33:36'),
(174, 7, 30, 3006, '0172', 'SEGDA', 'ABDOUL MOHAZOU', '2012-09-05', 'M', '2018-02-15', '2018-02-15', 'MONKIN', NULL, 3, NULL, 38, 0, '2022-08-25 14:40:13', '2022-08-25 14:40:13'),
(175, 7, 30, 3006, '0171', 'OUEDRAOGO', 'PAULINE', '2003-01-23', 'F', '2018-02-15', '2018-02-15', 'MANGA', NULL, 1, NULL, 38, 0, '2022-08-25 14:46:47', '2022-08-25 14:46:47'),
(176, 7, 30, 3006, '0173', 'OUEDRAOGO', 'FATI', '2002-12-31', 'F', '2018-02-15', '2018-02-15', 'GANWOKO', NULL, 6, NULL, 38, 0, '2022-08-25 14:52:31', '2022-08-25 14:52:31'),
(177, 7, 30, 3006, '0174', 'ILBOUDO', 'ROSINE', '2014-05-26', 'F', '2018-02-15', '2018-02-15', 'ZIGLA', NULL, 7, NULL, 38, 0, '2022-08-25 14:55:49', '2022-08-25 14:55:49'),
(178, 7, 30, 3006, '0175', 'ZOUNGRANA', 'RIHANATA', '2018-02-04', 'F', '2018-02-28', '2018-02-28', 'CSPS DE BASGANA', NULL, 2, NULL, 38, 0, '2022-08-25 14:59:42', '2022-08-25 14:59:42'),
(179, 7, 30, 3006, '0176', 'CONOMBO', 'BOINZEWENDE VERONUQUE', '2018-02-04', 'F', '2018-02-28', '2018-02-28', 'MATERNITE DE MANGA', NULL, 1, NULL, 38, 0, '2022-08-25 15:05:31', '2022-08-25 15:05:31'),
(180, 7, 30, 3006, '0177', 'KOANDA', 'MAHAMADI LAMINE', '2018-01-21', 'M', '2018-02-28', '2018-02-28', 'CSPS URBAIN DE MANGA', NULL, 5, NULL, 38, 0, '2022-08-26 08:04:29', '2022-08-26 08:04:29'),
(181, 7, 30, 3006, '0178', 'DADA', 'BORIS', '2018-02-01', 'M', '2018-02-28', '2018-02-28', 'MATERNITE DE MANGA', NULL, 1, NULL, 38, 0, '2022-08-26 08:09:37', '2022-08-26 08:09:37'),
(182, 7, 30, 3006, '0179', 'COMPAORE', 'ALIATOU', '2018-01-06', 'F', '2018-02-28', '2018-02-28', 'CSPS DE SAKUILGA', NULL, 3, NULL, 38, 0, '2022-08-26 08:13:32', '2022-08-26 08:13:32'),
(183, 7, 30, 3006, '0180', 'COMPAORE', 'SOUGRE NOMA GHISLAINE', '2018-02-02', 'F', '2018-02-28', '2018-02-28', 'CSPS DE ZIGLA', NULL, 7, NULL, 38, 0, '2022-08-26 08:16:18', '2022-08-26 08:16:18'),
(184, 7, 30, 3006, '0181', 'NIKIEMA', 'YASMINATOU', '2018-02-04', 'F', '2018-02-28', '2018-02-28', 'MATERNITE DE MANGA', NULL, 1, NULL, 38, 0, '2022-08-26 08:19:05', '2022-08-26 08:19:05'),
(185, 7, 30, 3006, '0182', 'GANTARA', 'ABDOUL MOHAZOU', '2018-02-16', 'M', '2018-02-28', '2018-02-28', 'CSPS URBAIN DE MANGA', NULL, 5, NULL, 38, 0, '2022-08-26 08:23:33', '2022-08-26 08:23:33'),
(186, 7, 30, 3006, '0183', 'DIPAMA', 'AZARA', '1955-12-31', 'F', '2018-03-02', '2018-03-02', 'KALTOEGA', NULL, 9, NULL, 38, 0, '2022-08-26 08:27:26', '2022-08-26 08:27:26'),
(187, 7, 30, 3006, '0184', 'DIPAMA', 'CHARLENE', '2018-02-07', 'F', '2018-02-28', '2018-02-28', 'CSPS URBAIN DE MANGA', NULL, 5, NULL, 38, 0, '2022-08-26 08:30:05', '2022-08-26 08:30:05'),
(188, 7, 30, 3006, '0185', 'TINDANO', 'BAMBOAGA JADE MAELYS', '2018-01-28', 'F', '2018-02-28', '2018-02-28', 'CSPS URBAIN DE MANGA', NULL, 5, NULL, 38, 0, '2022-08-26 08:34:47', '2022-08-26 08:34:47'),
(189, 7, 30, 3006, '0186', 'NACOULMA', 'ASSAMI', '2018-12-13', 'M', '2018-02-28', '2018-02-28', 'CSPS DE SAKUILGA', NULL, 3, NULL, 38, 0, '2022-08-26 08:38:12', '2022-08-26 08:38:12'),
(190, 7, 30, 3006, '0187', 'GUENE', 'HAOUA', '2018-02-24', 'F', '2018-02-28', '2018-02-28', 'MATERNITE DE MANGA', NULL, 1, NULL, 38, 0, '2022-08-26 08:40:59', '2022-08-26 08:40:59'),
(191, 7, 30, 3006, '0188', 'ROUAMBA', 'ROLANDE', '2000-12-31', 'F', '2018-02-22', '2018-02-22', 'MANGA', NULL, 1, NULL, 38, 0, '2022-08-26 08:43:51', '2022-08-26 08:43:51'),
(192, 7, 30, 3006, '0189', 'ZANGRE', 'JOSEPHINE', '1971-12-31', 'F', '2018-02-22', '2018-02-22', 'MANGA', NULL, 1, NULL, 38, 0, '2022-08-26 08:46:42', '2022-08-26 08:46:42'),
(193, 7, 30, 3006, '0190', 'YERBANGA', 'OUAHABOU', '1996-12-31', 'M', '2018-02-22', '2018-02-22', 'MANGA', NULL, 1, NULL, 38, 0, '2022-08-26 08:49:59', '2022-08-26 08:49:59'),
(194, 7, 30, 3006, '0191', 'OUEDRAOGO', 'KADER', '2006-12-31', 'M', '2018-02-22', '2018-02-22', 'MANGA', NULL, 1, NULL, 38, 0, '2022-08-26 08:52:14', '2022-08-26 08:52:14'),
(195, 7, 30, 3006, '0192', 'ROUAMBA', 'NOAGA FELIX', '1948-12-31', 'M', '2018-02-15', '2018-02-15', 'LARGA', NULL, 5, NULL, 38, 0, '2022-08-26 08:56:11', '2022-08-26 08:56:11'),
(196, 7, 30, 3006, '0193', 'CONGO               	Zoénabo', 'zoenaba', '1978-12-31', 'F', '2018-02-15', '2018-02-15', 'manga', NULL, 1, NULL, 38, 0, '2022-08-26 09:00:19', '2022-08-26 09:00:19'),
(197, 7, 30, 3006, '0194', 'KOANDA', 'NARCISSE', '1998-10-05', 'M', '2018-02-15', '2018-02-15', 'LARGA', NULL, 5, NULL, 38, 0, '2022-08-26 09:03:35', '2022-08-26 09:03:35'),
(198, 7, 30, 3006, '0195', 'YAOGO', 'TIMPIGA MARCELINE', '1996-12-31', 'F', '2018-02-22', '2018-02-22', 'SAKUILGA', NULL, 3, NULL, 38, 0, '2022-08-26 09:08:01', '2022-08-26 09:08:01'),
(199, 7, 30, 3006, '0196', 'CONGO', 'AWA', '1988-12-31', 'F', '2018-02-15', '2018-02-15', 'ZIGLA', NULL, 7, NULL, 38, 0, '2022-08-26 09:10:25', '2022-08-26 09:10:25'),
(200, 7, 30, 3006, '0197', 'KABRE', 'WENDTOIN ABDOUL AZIZ', '2018-02-20', 'M', '2018-02-28', '2018-02-28', 'MATERNITE DE MANAGA', NULL, 1, NULL, 38, 0, '2022-08-26 09:13:38', '2022-08-26 09:13:38'),
(201, 7, 30, 3006, '0198', 'COMPAORE', 'PINGDWENDE AELYS MERVEILLE', '2018-01-18', 'F', '2018-02-28', '2018-02-28', 'MATERNITE DE MANGA', NULL, 1, NULL, 38, 0, '2022-08-26 09:17:13', '2022-08-26 09:17:13'),
(202, 7, 30, 3006, '0199', 'BELEM', 'ABDOUL NASSIROU', '2018-01-16', 'M', '2018-02-28', '2018-02-28', 'MANGA', NULL, 1, NULL, 38, 0, '2022-08-26 09:23:08', '2022-08-26 09:23:08'),
(203, 7, 30, 3006, '0200', 'KOUNOUGOU', 'ROSINE', '2018-02-26', 'F', '2018-02-28', '2018-02-28', 'MATERNITE', NULL, 1, NULL, 38, 0, '2022-08-26 09:26:06', '2022-08-26 09:26:06'),
(204, 7, 30, 3006, '0201', 'COMPAORE', 'WENDKOUNI MICHEL', '2018-01-28', 'M', '2018-01-31', '2018-01-31', 'MATERNITE DE MANGA', NULL, 1, NULL, 38, 0, '2022-08-26 09:45:38', '2022-08-26 09:45:38'),
(205, 7, 30, 3006, '0202', 'SAGA', 'WENDKOUNI AGATHE', '2018-03-02', 'F', '2018-03-30', '2018-03-30', 'MATERNITE DE MANGA', NULL, 1, NULL, 38, 0, '2022-08-26 09:49:00', '2022-08-26 09:49:00'),
(206, 7, 30, 3006, '0203', 'KOULA', 'LAURE OLIVIA', '2018-03-05', 'F', '2018-03-30', '2018-03-30', 'MATERNITE DE MANGA', NULL, 1, NULL, 38, 0, '2022-08-26 09:51:59', '2022-08-26 09:51:59'),
(207, 7, 30, 3006, '0204', 'YAOGO               	Koudpoko Agnés', 'KOUDPOKO AGNES', '1959-12-31', 'F', '2018-03-30', '2018-03-30', 'SAKUILGA', NULL, 3, NULL, 38, 0, '2022-08-26 09:55:57', '2022-08-26 09:55:57'),
(208, 7, 30, 3006, '0204', 'YAOGO               	Koudpoko Agnés', 'KOUDPOKO AGNES', '1959-12-31', 'F', '2018-03-30', '2018-03-30', 'SAKUILGA', NULL, 3, NULL, 38, 0, '2022-08-26 09:55:57', '2022-08-26 09:55:57'),
(209, 7, 30, 3006, '0205', 'YAOGO', 'BOUKARE', '1992-01-01', 'M', '2018-03-30', '2018-03-30', 'MANGA', NULL, 1, NULL, 38, 0, '2022-08-26 10:01:14', '2022-08-26 10:01:14'),
(210, 7, 30, 3006, '0206', 'OUEDRAOGO', 'NOAGA RASMANE', '1981-12-31', 'M', '2018-03-30', '2018-03-30', 'TOULA', NULL, 7, NULL, 38, 0, '2022-08-26 10:11:52', '2022-08-26 10:11:52'),
(211, 7, 30, 3006, '0207', 'BOUDA', 'LILIANE PATRICIA', '2018-02-23', 'F', '2018-02-28', '2018-02-28', 'CSPS DE SAKUILGA', NULL, 3, NULL, 38, 0, '2022-08-26 10:15:50', '2022-08-26 10:15:50'),
(212, 7, 30, 3006, '0207', 'BOUDA', 'LILIANE PATRICIA', '2018-02-23', 'F', '2018-02-28', '2018-02-28', 'CSPS DE SAKUILGA', NULL, 3, NULL, 38, 0, '2022-08-26 10:15:50', '2022-08-26 10:15:50'),
(213, 7, 30, 3006, '0207', 'BOUDA', 'LILIANE PATRICIA', '2018-02-23', 'F', '2018-02-28', '2018-02-28', 'CSPS DE SAKUILGA', NULL, 3, NULL, 38, 0, '2022-08-26 10:15:50', '2022-08-26 10:15:50'),
(214, 7, 30, 3006, '0207', 'BOUDA', 'LILIANE PATRICIA', '2018-02-23', 'F', '2018-02-28', '2018-02-28', 'CSPS DE SAKUILGA', NULL, 3, NULL, 38, 0, '2022-08-26 10:15:51', '2022-08-26 10:15:51'),
(215, 7, 30, 3006, '0208', 'CONGO', 'PAGNANGDE JULIEN', '2018-02-16', 'M', '2018-02-28', '2018-02-28', 'MANGA', NULL, 5, NULL, 38, 0, '2022-08-26 10:20:26', '2022-08-26 10:20:26'),
(216, 7, 30, 3006, '0209', 'BOUDA', 'BEN ABDOULLAH', '2018-03-03', 'M', '2018-03-30', '2018-03-30', 'MATERNITE DE MANGA', NULL, 1, NULL, 38, 0, '2022-08-26 11:58:39', '2022-08-26 11:58:39'),
(217, 7, 30, 3006, '0210', 'KABRE', 'XX', '2018-02-21', 'M', '2018-02-28', '2018-02-28', 'MANGA', NULL, 5, NULL, 38, 0, '2022-08-26 12:11:22', '2022-08-26 12:11:22'),
(218, 7, 30, 3006, '0210', 'KABRE', 'XX', '2018-02-21', 'M', '2018-02-28', '2018-02-28', 'MANGA', NULL, 5, NULL, 38, 0, '2022-08-26 12:11:23', '2022-08-26 12:11:23'),
(219, 7, 30, 3006, '0210', 'KABRE', 'XX', '2018-02-21', 'M', '2018-02-28', '2018-02-28', 'MANGA', NULL, 5, NULL, 38, 0, '2022-08-26 12:11:23', '2022-08-26 12:11:23');

-- --------------------------------------------------------

--
-- Structure de la table `communes`
--

DROP TABLE IF EXISTS `communes`;
CREATE TABLE IF NOT EXISTS `communes` (
  `id` bigint(20) UNSIGNED NOT NULL AUTO_INCREMENT,
  `code` varchar(191) COLLATE utf8mb4_unicode_ci NOT NULL,
  `province_id` varchar(191) COLLATE utf8mb4_unicode_ci NOT NULL,
  `commune` varchar(191) COLLATE utf8mb4_unicode_ci NOT NULL,
  `users_id` int(10) UNSIGNED NOT NULL,
  `updated` tinyint(1) DEFAULT 0,
  `created_at` timestamp NULL DEFAULT NULL,
  `updated_at` timestamp NULL DEFAULT NULL,
  PRIMARY KEY (`id`)
) ENGINE=MyISAM AUTO_INCREMENT=3007 DEFAULT CHARSET=utf8mb4 COLLATE=utf8mb4_unicode_ci;

--
-- Déchargement des données de la table `communes`
--

INSERT INTO `communes` (`id`, `code`, `province_id`, `commune`, `users_id`, `updated`, `created_at`, `updated_at`) VALUES
(2208, '2', '22', 'TENADO', 1, 0, '2022-04-25 16:59:28', '2022-05-04 12:35:20'),
(3006, '1', '30', 'MANGA', 1, 0, '2022-04-25 16:58:43', '2022-05-04 12:35:29');

-- --------------------------------------------------------

--
-- Structure de la table `consultation_postnatales`
--

DROP TABLE IF EXISTS `consultation_postnatales`;
CREATE TABLE IF NOT EXISTS `consultation_postnatales` (
  `id` bigint(20) UNSIGNED NOT NULL AUTO_INCREMENT,
  `region_id` int(10) UNSIGNED NOT NULL,
  `province_id` int(10) UNSIGNED NOT NULL,
  `commune_id` int(10) UNSIGNED NOT NULL,
  `district_id` int(10) UNSIGNED NOT NULL,
  `formation_sanitaire_id` int(10) UNSIGNED NOT NULL,
  `annee` int(10) UNSIGNED NOT NULL,
  `mois` int(10) UNSIGNED NOT NULL,
  `NbFemmeVueConsultation_PostNatale` varchar(191) COLLATE utf8mb4_unicode_ci DEFAULT NULL,
  `NbFemmeVueConsultation_PostNatalePrecoce` varchar(191) COLLATE utf8mb4_unicode_ci DEFAULT NULL,
  `NbFemmeVueConsultation_PostNataleTardive` varchar(191) COLLATE utf8mb4_unicode_ci DEFAULT NULL,
  `updated_by` int(10) UNSIGNED DEFAULT NULL,
  `created_by` int(10) UNSIGNED DEFAULT NULL,
  `updated` tinyint(1) DEFAULT 0,
  `created_at` timestamp NULL DEFAULT NULL,
  `updated_at` timestamp NULL DEFAULT NULL,
  PRIMARY KEY (`id`)
) ENGINE=MyISAM DEFAULT CHARSET=utf8mb4 COLLATE=utf8mb4_unicode_ci;

-- --------------------------------------------------------

--
-- Structure de la table `consultation_prenatales`
--

DROP TABLE IF EXISTS `consultation_prenatales`;
CREATE TABLE IF NOT EXISTS `consultation_prenatales` (
  `id` bigint(20) UNSIGNED NOT NULL AUTO_INCREMENT,
  `region_id` int(10) UNSIGNED NOT NULL,
  `province_id` int(10) UNSIGNED NOT NULL,
  `commune_id` int(10) UNSIGNED NOT NULL,
  `district_id` int(10) UNSIGNED NOT NULL,
  `formation_sanitaire_id` int(10) UNSIGNED NOT NULL,
  `annee` int(10) UNSIGNED NOT NULL,
  `mois` int(10) UNSIGNED NOT NULL,
  `NbFemmeVueCPN` int(11) DEFAULT NULL,
  `NbFemmeInscriteCPN1` int(11) DEFAULT NULL,
  `NbFemmeInscriteCPN1_Trim1` int(11) DEFAULT NULL,
  `NbFemmeVueCPN4` int(11) DEFAULT NULL,
  `NbFemmeInscriteVueCPN_2Td` int(11) DEFAULT NULL,
  `NbFemmeFer_Acide_Folique` int(11) DEFAULT NULL,
  `NbFemmeFer_Acide_Folique_CPN3` int(11) DEFAULT NULL,
  `NbGrossesse_Refere` int(11) DEFAULT NULL,
  `NbFemmeVueCPN_TPI3` int(11) DEFAULT NULL,
  `NbFemmeVueCPN_TPI3_MILDA` int(11) DEFAULT NULL,
  `updated_by` int(10) UNSIGNED DEFAULT NULL,
  `created_by` int(10) UNSIGNED DEFAULT NULL,
  `updated` tinyint(1) DEFAULT 0,
  `created_at` timestamp NULL DEFAULT NULL,
  `updated_at` timestamp NULL DEFAULT NULL,
  PRIMARY KEY (`id`)
) ENGINE=MyISAM DEFAULT CHARSET=utf8mb4 COLLATE=utf8mb4_unicode_ci;

-- --------------------------------------------------------

--
-- Structure de la table `districts`
--

DROP TABLE IF EXISTS `districts`;
CREATE TABLE IF NOT EXISTS `districts` (
  `id` bigint(20) UNSIGNED NOT NULL AUTO_INCREMENT,
  `region_id` int(10) UNSIGNED NOT NULL,
  `province_id` int(10) UNSIGNED NOT NULL,
  `code` varchar(191) COLLATE utf8mb4_unicode_ci NOT NULL,
  `nom_district` varchar(191) COLLATE utf8mb4_unicode_ci NOT NULL,
  `nom_majore` varchar(191) COLLATE utf8mb4_unicode_ci DEFAULT NULL,
  `lon` varchar(191) COLLATE utf8mb4_unicode_ci DEFAULT NULL,
  `lat` varchar(191) COLLATE utf8mb4_unicode_ci DEFAULT NULL,
  `superficie` int(11) DEFAULT NULL,
  `updated_by` int(10) UNSIGNED DEFAULT NULL,
  `created_by` int(10) UNSIGNED DEFAULT NULL,
  `updated` tinyint(1) DEFAULT 0,
  `created_at` timestamp NULL DEFAULT NULL,
  `updated_at` timestamp NULL DEFAULT NULL,
  PRIMARY KEY (`id`)
) ENGINE=MyISAM AUTO_INCREMENT=3 DEFAULT CHARSET=utf8mb4 COLLATE=utf8mb4_unicode_ci;

--
-- Déchargement des données de la table `districts`
--

INSERT INTO `districts` (`id`, `region_id`, `province_id`, `code`, `nom_district`, `nom_majore`, `lon`, `lat`, `superficie`, `updated_by`, `created_by`, `updated`, `created_at`, `updated_at`) VALUES
(1, 7, 30, '02', 'DS MANGA', 'PAS DE NOM', NULL, NULL, NULL, NULL, 1, 0, '2022-06-01 12:34:04', '2022-06-01 12:34:04'),
(2, 6, 22, '01', 'DS TENADO', 'PAS DE NOM', NULL, NULL, NULL, 1, 1, 0, '2022-04-27 15:51:11', '2022-06-01 12:33:01');

-- --------------------------------------------------------

--
-- Structure de la table `email_template`
--

DROP TABLE IF EXISTS `email_template`;
CREATE TABLE IF NOT EXISTS `email_template` (
  `id` bigint(20) UNSIGNED NOT NULL AUTO_INCREMENT,
  `created_at` timestamp NULL DEFAULT NULL,
  `updated_at` timestamp NULL DEFAULT NULL,
  `content` text COLLATE utf8mb4_unicode_ci NOT NULL,
  `name` varchar(191) COLLATE utf8mb4_unicode_ci NOT NULL,
  `subject` varchar(191) COLLATE utf8mb4_unicode_ci NOT NULL,
  PRIMARY KEY (`id`)
) ENGINE=MyISAM AUTO_INCREMENT=2 DEFAULT CHARSET=utf8mb4 COLLATE=utf8mb4_unicode_ci;

--
-- Déchargement des données de la table `email_template`
--

INSERT INTO `email_template` (`id`, `created_at`, `updated_at`, `content`, `name`, `subject`) VALUES
(1, NULL, NULL, '<!DOCTYPE html>\n                <html lang=\"en\">\n                <head>\n                    <meta charset=\"utf-8\">\n                    <meta name=\"viewport\" content=\"width=device-width\">\n                    <meta http-equiv=\"X-UA-Compatible\" content=\"IE=edge\"> \n                    <meta name=\"x-apple-disable-message-reformatting\">\n                    <title>Example</title>\n                    <style>\n                        body {\n                            background-color:#fff;\n                            color:#222222;\n                            margin: 0px auto;\n                            padding: 0px;\n                            height: 100%;\n                            width: 100%;\n                            font-weight: 400;\n                            font-size: 15px;\n                            line-height: 1.8;\n                        }\n                        .continer{\n                            width:400px;\n                            margin-left:auto;\n                            margin-right:auto;\n                            background-color:#efefef;\n                            padding:30px;\n                        }\n                        .btn{\n                            padding: 5px 15px;\n                            display: inline-block;\n                        }\n                        .btn-primary{\n                            border-radius: 3px;\n                            background: #0b3c7c;\n                            color: #fff;\n                            text-decoration: none;\n                        }\n                        .btn-primary:hover{\n                            border-radius: 3px;\n                            background: #4673ad;\n                            color: #fff;\n                            text-decoration: none;\n                        }\n                    </style>\n                </head>\n                <body>\n                    <div class=\"continer\">\n                        <h1>Lorem ipsum dolor</h1>\n                        <h4>Ipsum dolor cet emit amet</h4>\n                        <p>\n                            Ut enim ad minim veniam, quis nostrud exercitation ullamco laboris nisi ut aliquip ex ea <strong>commodo consequat</strong>. \n                            Duis aute irure dolor in reprehenderit in voluptate velit esse cillum dolore eu fugiat nulla pariatur. \n                            Excepteur sint occaecat cupidatat non proident, sunt in culpa qui officia deserunt mollit anim id est laborum.\n                        </p>\n                        <h4>Ipsum dolor cet emit amet</h4>\n                        <p>\n                            Lorem ipsum dolor sit amet, consectetur adipiscing elit, sed do eiusmod <a href=\"#\">tempor incididunt ut labore</a> et dolore magna aliqua.\n                            Ut enim ad minim veniam, quis nostrud exercitation ullamco laboris nisi ut aliquip ex ea commodo consequat. \n                        </p>\n                        <h4>Ipsum dolor cet emit amet</h4>\n                        <p>\n                            Lorem ipsum dolor sit amet, consectetur adipiscing elit, sed do eiusmod tempor incididunt ut labore et dolore magna aliqua.\n                            Ut enim ad minim veniam, quis nostrud exercitation ullamco laboris nisi ut aliquip ex ea commodo consequat. \n                        </p>\n                        <a href=\"#\" class=\"btn btn-primary\">Lorem ipsum dolor</a>\n                        <h4>Ipsum dolor cet emit amet</h4>\n                        <p>\n                            Lorem ipsum dolor sit amet, consectetur adipiscing elit, sed do eiusmod tempor incididunt ut labore et dolore magna aliqua.\n                            Ut enim ad minim veniam, quis nostrud exercitation <a href=\"#\">ullamco</a> laboris nisi ut aliquip ex ea commodo consequat. \n                            Duis aute irure dolor in reprehenderit in voluptate velit esse cillum dolore eu fugiat nulla pariatur. \n                            Excepteur sint occaecat cupidatat non proident, sunt in culpa qui officia deserunt mollit anim id est laborum.\n                        </p>\n                    </div>\n                </body>\n                </html>', 'Example E-mail', 'Example E-mail');

-- --------------------------------------------------------

--
-- Structure de la table `example`
--

DROP TABLE IF EXISTS `example`;
CREATE TABLE IF NOT EXISTS `example` (
  `id` bigint(20) UNSIGNED NOT NULL AUTO_INCREMENT,
  `created_at` timestamp NULL DEFAULT NULL,
  `updated_at` timestamp NULL DEFAULT NULL,
  `name` varchar(191) COLLATE utf8mb4_unicode_ci NOT NULL,
  `description` varchar(191) COLLATE utf8mb4_unicode_ci NOT NULL,
  `status_id` int(10) UNSIGNED NOT NULL,
  PRIMARY KEY (`id`)
) ENGINE=MyISAM AUTO_INCREMENT=26 DEFAULT CHARSET=utf8mb4 COLLATE=utf8mb4_unicode_ci;

--
-- Déchargement des données de la table `example`
--

INSERT INTO `example` (`id`, `created_at`, `updated_at`, `name`, `description`, `status_id`) VALUES
(1, NULL, NULL, 'Reprehenderit et autem quibusdam sapiente.', 'Nostrum et itaque veritatis quas et quia. Dolor doloribus provident est quis.', 2),
(2, NULL, NULL, 'Minima eos voluptatem doloremque mollitia qui.', 'Incidunt unde incidunt odit. Earum aliquid ab mollitia.', 4),
(3, NULL, NULL, 'Quis cupiditate beatae omnis est.', 'Neque dolorem sequi ut mollitia eum sequi. Cumque id voluptatum enim in ea rerum.', 1),
(4, NULL, NULL, 'Laudantium eveniet suscipit.', 'Necessitatibus vero consequatur velit laborum velit nobis laudantium. At asperiores mollitia sit qui delectus.', 3),
(5, NULL, NULL, 'Reiciendis nihil vel sequi.', 'Ab mollitia blanditiis qui nisi nihil.', 4),
(6, NULL, NULL, 'Molestiae sit in.', 'Ratione voluptas voluptas nisi ea recusandae excepturi.', 4),
(7, NULL, NULL, 'Modi praesentium doloremque harum et.', 'Est impedit officia sit qui nemo et et et. Qui nihil officiis corrupti ut quis dolore alias.', 3),
(8, NULL, NULL, 'Temporibus incidunt a et vitae.', 'Accusamus aut iusto dolorem quisquam deserunt expedita.', 3),
(9, NULL, NULL, 'Eum ut reiciendis.', 'Eos dicta praesentium reprehenderit cum magnam.', 4),
(10, NULL, NULL, 'Blanditiis consequatur adipisci in.', 'Facilis perspiciatis veritatis aut totam sed. Earum eligendi suscipit porro fugit autem rem sequi voluptas.', 4),
(11, NULL, NULL, 'A dolores repellendus possimus nemo ratione.', 'Quidem unde tempora asperiores laboriosam aut quisquam.', 1),
(12, NULL, NULL, 'Harum et reiciendis consequuntur ut.', 'Facilis dolor aut ex et ipsa. Est ipsa corporis amet.', 2),
(13, NULL, NULL, 'Possimus tenetur incidunt doloremque.', 'Aut illum praesentium voluptates suscipit. Nihil error voluptates eum porro ipsam.', 3),
(14, NULL, NULL, 'Quis quis accusantium ut.', 'Qui qui dolorem quasi perferendis fugit et. Quis sint quisquam perspiciatis est.', 1),
(15, NULL, NULL, 'Expedita illum voluptatibus explicabo dolores.', 'Totam id et quia eos eos.', 1),
(16, NULL, NULL, 'Porro placeat expedita distinctio.', 'Soluta corporis vitae aut aliquid nisi modi magnam. Inventore aliquam quos aut sunt deserunt ea blanditiis.', 3),
(17, NULL, NULL, 'Facere cum quo odio illo sint.', 'Exercitationem et occaecati in optio et.', 4),
(18, NULL, NULL, 'Nulla et neque minus laborum.', 'Tenetur itaque cupiditate voluptas.', 3),
(19, NULL, NULL, 'Earum atque eos.', 'Dolore beatae sapiente at. Laboriosam minus qui dolores sequi aut sint dolorem.', 1),
(20, NULL, NULL, 'Et accusamus sit rem.', 'Dicta quam ut illo error nam suscipit.', 2),
(21, NULL, NULL, 'Corporis fuga labore velit dignissimos.', 'Molestiae laboriosam eos optio molestiae.', 2),
(22, NULL, NULL, 'Repudiandae harum est quos.', 'Non sequi voluptates est quo. Ut tenetur sit vero architecto voluptas cumque eius non.', 2),
(23, NULL, NULL, 'Et aperiam molestiae incidunt iusto.', 'Recusandae voluptatibus sapiente aut nobis quasi.', 1),
(24, NULL, NULL, 'Alias et tempora aliquam molestiae perspiciatis.', 'Libero dolore reprehenderit et animi non velit. Soluta accusamus nisi in dignissimos ab.', 4),
(25, NULL, NULL, 'Voluptatem officia necessitatibus.', 'Ullam temporibus vitae odit quas. Vitae ut amet et ea est aut quia amet.', 4);

-- --------------------------------------------------------

--
-- Structure de la table `failed_jobs`
--

DROP TABLE IF EXISTS `failed_jobs`;
CREATE TABLE IF NOT EXISTS `failed_jobs` (
  `id` bigint(20) UNSIGNED NOT NULL AUTO_INCREMENT,
  `connection` text COLLATE utf8mb4_unicode_ci NOT NULL,
  `queue` text COLLATE utf8mb4_unicode_ci NOT NULL,
  `payload` longtext COLLATE utf8mb4_unicode_ci NOT NULL,
  `exception` longtext COLLATE utf8mb4_unicode_ci NOT NULL,
  `failed_at` timestamp NOT NULL DEFAULT current_timestamp(),
  PRIMARY KEY (`id`)
) ENGINE=MyISAM DEFAULT CHARSET=utf8mb4 COLLATE=utf8mb4_unicode_ci;

-- --------------------------------------------------------

--
-- Structure de la table `folder`
--

DROP TABLE IF EXISTS `folder`;
CREATE TABLE IF NOT EXISTS `folder` (
  `id` bigint(20) UNSIGNED NOT NULL AUTO_INCREMENT,
  `created_at` timestamp NULL DEFAULT NULL,
  `updated_at` timestamp NULL DEFAULT NULL,
  `name` varchar(191) COLLATE utf8mb4_unicode_ci NOT NULL,
  `folder_id` int(10) UNSIGNED DEFAULT NULL,
  `resource` tinyint(1) DEFAULT NULL,
  PRIMARY KEY (`id`)
) ENGINE=MyISAM AUTO_INCREMENT=6 DEFAULT CHARSET=utf8mb4 COLLATE=utf8mb4_unicode_ci;

--
-- Déchargement des données de la table `folder`
--

INSERT INTO `folder` (`id`, `created_at`, `updated_at`, `name`, `folder_id`, `resource`) VALUES
(1, NULL, NULL, 'root', NULL, NULL),
(2, NULL, NULL, 'resource', 1, 1),
(3, NULL, NULL, 'documents', 1, NULL),
(4, NULL, NULL, 'graphics', 1, NULL),
(5, NULL, NULL, 'other', 1, NULL);

-- --------------------------------------------------------

--
-- Structure de la table `form`
--

DROP TABLE IF EXISTS `form`;
CREATE TABLE IF NOT EXISTS `form` (
  `id` bigint(20) UNSIGNED NOT NULL AUTO_INCREMENT,
  `created_at` timestamp NULL DEFAULT NULL,
  `updated_at` timestamp NULL DEFAULT NULL,
  `name` varchar(191) COLLATE utf8mb4_unicode_ci NOT NULL,
  `table_name` varchar(191) COLLATE utf8mb4_unicode_ci NOT NULL,
  `read` tinyint(1) NOT NULL,
  `edit` tinyint(1) NOT NULL,
  `add` tinyint(1) NOT NULL,
  `delete` tinyint(1) NOT NULL,
  `pagination` int(11) NOT NULL,
  PRIMARY KEY (`id`)
) ENGINE=MyISAM AUTO_INCREMENT=7 DEFAULT CHARSET=utf8mb4 COLLATE=utf8mb4_unicode_ci;

--
-- Déchargement des données de la table `form`
--

INSERT INTO `form` (`id`, `created_at`, `updated_at`, `name`, `table_name`, `read`, `edit`, `add`, `delete`, `pagination`) VALUES
(1, NULL, NULL, 'Example', 'example', 1, 1, 1, 1, 5),
(3, '2022-04-20 11:50:49', '2022-04-20 11:58:35', 'Region', 'regions', 1, 1, 1, 1, 5),
(5, '2022-04-25 12:40:10', '2022-04-25 12:41:22', 'Provinces', 'provinces', 1, 1, 1, 1, 5),
(6, '2022-05-10 08:46:57', '2022-05-10 08:46:57', 'Communes', 'communes', 1, 1, 1, 1, 5);

-- --------------------------------------------------------

--
-- Structure de la table `formation_sanitaires`
--

DROP TABLE IF EXISTS `formation_sanitaires`;
CREATE TABLE IF NOT EXISTS `formation_sanitaires` (
  `id` bigint(20) UNSIGNED NOT NULL AUTO_INCREMENT,
  `region_id` int(10) UNSIGNED NOT NULL,
  `province_id` int(10) UNSIGNED NOT NULL,
  `commune_id` int(10) UNSIGNED NOT NULL,
  `district_id` int(10) UNSIGNED NOT NULL,
  `code` varchar(191) COLLATE utf8mb4_unicode_ci DEFAULT NULL,
  `nom_structure` varchar(191) COLLATE utf8mb4_unicode_ci NOT NULL,
  `lon` varchar(191) COLLATE utf8mb4_unicode_ci DEFAULT NULL,
  `lat` varchar(191) COLLATE utf8mb4_unicode_ci DEFAULT NULL,
  `type` varchar(191) COLLATE utf8mb4_unicode_ci DEFAULT NULL,
  `adresse` varchar(191) COLLATE utf8mb4_unicode_ci DEFAULT NULL,
  `adresse_postale` varchar(191) COLLATE utf8mb4_unicode_ci DEFAULT NULL,
  `tel` varchar(191) COLLATE utf8mb4_unicode_ci DEFAULT NULL,
  `fax` varchar(191) COLLATE utf8mb4_unicode_ci DEFAULT NULL,
  `email` varchar(191) COLLATE utf8mb4_unicode_ci DEFAULT NULL,
  `titre` varchar(191) COLLATE utf8mb4_unicode_ci DEFAULT NULL,
  `proprietaire` varchar(191) COLLATE utf8mb4_unicode_ci DEFAULT NULL,
  `qualificat` varchar(191) COLLATE utf8mb4_unicode_ci DEFAULT NULL,
  `n_decision` varchar(191) COLLATE utf8mb4_unicode_ci DEFAULT NULL,
  `date_autorisation` date DEFAULT NULL,
  `observations_qualification` text COLLATE utf8mb4_unicode_ci DEFAULT NULL,
  `observations_structure` text COLLATE utf8mb4_unicode_ci DEFAULT NULL,
  `autre_observations` text COLLATE utf8mb4_unicode_ci DEFAULT NULL,
  `date_fermeture` date DEFAULT NULL,
  `updated_by` int(10) UNSIGNED DEFAULT NULL,
  `created_by` int(10) UNSIGNED DEFAULT NULL,
  `updated` tinyint(1) DEFAULT 0,
  `created_at` timestamp NULL DEFAULT NULL,
  `updated_at` timestamp NULL DEFAULT NULL,
  PRIMARY KEY (`id`)
) ENGINE=MyISAM AUTO_INCREMENT=21 DEFAULT CHARSET=utf8mb4 COLLATE=utf8mb4_unicode_ci;

--
-- Déchargement des données de la table `formation_sanitaires`
--

INSERT INTO `formation_sanitaires` (`id`, `region_id`, `province_id`, `commune_id`, `district_id`, `code`, `nom_structure`, `lon`, `lat`, `type`, `adresse`, `adresse_postale`, `tel`, `fax`, `email`, `titre`, `proprietaire`, `qualificat`, `n_decision`, `date_autorisation`, `observations_qualification`, `observations_structure`, `autre_observations`, `date_fermeture`, `updated_by`, `created_by`, `updated`, `created_at`, `updated_at`) VALUES
(1, 7, 30, 0, 1, '01', 'CMA Manga', NULL, NULL, NULL, NULL, NULL, NULL, NULL, NULL, NULL, NULL, NULL, NULL, '0000-00-00', 'observations_qualification', 'observations_structure', 'autre_observations', '0000-00-00', 1, 0, 0, '0000-00-00 00:00:00', '2022-06-01 12:39:50'),
(2, 7, 30, 0, 1, '', 'CSPS Basgana ', '', '', '', '', '', '', '', '', '', '', '', '', '0000-00-00', '', '', '', '0000-00-00', 0, 0, 0, '0000-00-00 00:00:00', '0000-00-00 00:00:00'),
(3, 7, 30, 0, 1, '', 'CSPS Sakuilga', '', '', '', '', '', '', '', '', '', '', '', '', '0000-00-00', '', '', '', '0000-00-00', 0, 0, 0, '0000-00-00 00:00:00', '0000-00-00 00:00:00'),
(4, 7, 30, 0, 1, '', 'CSPS Secteur 5', '', '', '', '', '', '', '', '', '', '', '', '', '0000-00-00', '', '', '', '0000-00-00', 0, 0, 0, '0000-00-00 00:00:00', '0000-00-00 00:00:00'),
(5, 7, 30, 0, 1, '', 'CSPS Urbain Manga ', '', '', '', '', '', '', '', '', '', '', '', '', '0000-00-00', '', '', '', '0000-00-00', 0, 0, 0, '0000-00-00 00:00:00', '0000-00-00 00:00:00'),
(6, 7, 30, 0, 1, '', 'CSPS Zaptenga ', '', '', '', '', '', '', '', '', '', '', '', '', '0000-00-00', '', '', '', '0000-00-00', 0, 0, 0, '0000-00-00 00:00:00', '0000-00-00 00:00:00'),
(7, 7, 30, 0, 1, '', 'CSPS Zigla ', '', '', '', '', '', '', '', '', '', '', '', '', '0000-00-00', '', '', '', '0000-00-00', 0, 0, 0, '0000-00-00 00:00:00', '0000-00-00 00:00:00'),
(8, 7, 30, 0, 1, '', 'Cabinet de soins infirmiers Nassroudiine', '', '', '', '', '', '', '', '', '', '', '', '', '0000-00-00', '', '', '', '0000-00-00', 0, 0, 0, '0000-00-00 00:00:00', '0000-00-00 00:00:00'),
(9, 7, 30, 0, 1, '', 'Dispensaire Kassougou', '', '', '', '', '', '', '', '', '', '', '', '', '0000-00-00', '', '', '', '0000-00-00', 0, 0, 0, '0000-00-00 00:00:00', '0000-00-00 00:00:00'),
(10, 7, 30, 0, 1, '', 'Dispensaire Koulpeloguin', '', '', '', '', '', '', '', '', '', '', '', '', '0000-00-00', '', '', '', '0000-00-00', 0, 0, 0, '0000-00-00 00:00:00', '0000-00-00 00:00:00'),
(11, 7, 30, 0, 1, NULL, 'Dispensaire Maison d\'arret et de correction de Manga', NULL, NULL, NULL, NULL, NULL, NULL, NULL, NULL, NULL, NULL, NULL, NULL, '0000-00-00', NULL, NULL, NULL, '0000-00-00', 1, 0, 0, '0000-00-00 00:00:00', '2022-06-01 12:58:24'),
(12, 6, 22, 0, 2, '', 'CM Tenado', '', '', '', '', '', '', '', '', '', '', '', '', '0000-00-00', '', '', '', '0000-00-00', 0, 0, 0, '0000-00-00 00:00:00', '0000-00-00 00:00:00'),
(13, 6, 22, 0, 2, NULL, 'CSI Sante pour le Faso', NULL, NULL, NULL, NULL, NULL, NULL, NULL, NULL, NULL, NULL, NULL, NULL, '0000-00-00', NULL, NULL, NULL, '0000-00-00', 1, 0, 0, '0000-00-00 00:00:00', '2022-06-01 13:00:40'),
(14, 6, 22, 0, 2, '', 'CSPS Batondo', '', '', '', '', '', '', '', '', '', '', '', '', '0000-00-00', '', '', '', '0000-00-00', 0, 0, 0, '0000-00-00 00:00:00', '0000-00-00 00:00:00'),
(15, 6, 22, 0, 2, '', 'CSPS Bavila', '', '', '', '', '', '', '', '', '', '', '', '', '0000-00-00', '', '', '', '0000-00-00', 0, 0, 0, '0000-00-00 00:00:00', '0000-00-00 00:00:00'),
(16, 6, 22, 0, 2, '', 'CSPS Doudou', '', '', '', '', '', '', '', '', '', '', '', '', '0000-00-00', '', '', '', '0000-00-00', 0, 0, 0, '0000-00-00 00:00:00', '0000-00-00 00:00:00'),
(17, 6, 22, 0, 2, '', 'CSPS Koukouldi', '', '', '', '', '', '', '', '', '', '', '', '', '0000-00-00', '', '', '', '0000-00-00', 0, 0, 0, '0000-00-00 00:00:00', '0000-00-00 00:00:00'),
(18, 6, 22, 0, 2, '', 'CSPS Poun', '', '', '', '', '', '', '', '', '', '', '', '', '0000-00-00', '', '', '', '0000-00-00', 0, 0, 0, '0000-00-00 00:00:00', '0000-00-00 00:00:00'),
(19, 6, 22, 0, 2, '', 'CSPS Tialgo', '', '', '', '', '', '', '', '', '', '', '', '', '0000-00-00', '', '', '', '0000-00-00', 0, 0, 0, '0000-00-00 00:00:00', '0000-00-00 00:00:00'),
(20, 6, 22, 0, 2, '', 'CSPS Tiogo', '', '', '', '', '', '', '', '', '', '', '', '', '0000-00-00', '', '', '', '0000-00-00', 0, 0, 0, '0000-00-00 00:00:00', '0000-00-00 00:00:00');

-- --------------------------------------------------------

--
-- Structure de la table `form_field`
--

DROP TABLE IF EXISTS `form_field`;
CREATE TABLE IF NOT EXISTS `form_field` (
  `id` bigint(20) UNSIGNED NOT NULL AUTO_INCREMENT,
  `created_at` timestamp NULL DEFAULT NULL,
  `updated_at` timestamp NULL DEFAULT NULL,
  `name` varchar(191) COLLATE utf8mb4_unicode_ci NOT NULL,
  `type` varchar(191) COLLATE utf8mb4_unicode_ci NOT NULL,
  `browse` tinyint(1) NOT NULL,
  `read` tinyint(1) NOT NULL,
  `edit` tinyint(1) NOT NULL,
  `add` tinyint(1) NOT NULL,
  `relation_table` varchar(191) COLLATE utf8mb4_unicode_ci DEFAULT NULL,
  `relation_column` varchar(191) COLLATE utf8mb4_unicode_ci DEFAULT NULL,
  `form_id` int(10) UNSIGNED NOT NULL,
  `column_name` varchar(191) COLLATE utf8mb4_unicode_ci NOT NULL,
  PRIMARY KEY (`id`)
) ENGINE=MyISAM AUTO_INCREMENT=24 DEFAULT CHARSET=utf8mb4 COLLATE=utf8mb4_unicode_ci;

--
-- Déchargement des données de la table `form_field`
--

INSERT INTO `form_field` (`id`, `created_at`, `updated_at`, `name`, `type`, `browse`, `read`, `edit`, `add`, `relation_table`, `relation_column`, `form_id`, `column_name`) VALUES
(1, NULL, NULL, 'Title', 'text', 1, 1, 1, 1, NULL, NULL, 1, 'name'),
(2, NULL, NULL, 'Description', 'text_area', 1, 1, 1, 1, NULL, NULL, 1, 'description'),
(3, NULL, NULL, 'Status', 'relation_select', 1, 1, 1, 1, 'status', 'name', 1, 'status_id'),
(6, '2022-04-20 11:50:49', '2022-04-20 11:50:49', 'code', 'text', 1, 1, 1, 1, NULL, NULL, 3, 'code'),
(7, '2022-04-20 11:50:49', '2022-04-20 11:50:49', 'region', 'text', 1, 1, 1, 1, NULL, NULL, 3, 'region'),
(12, '2022-04-25 12:40:10', '2022-04-25 12:41:22', 'Code', 'text', 1, 1, 1, 1, NULL, NULL, 5, 'code'),
(13, '2022-04-25 12:40:10', '2022-04-25 12:41:22', 'Code Region', 'text', 1, 1, 1, 1, 'regions', 'region', 5, 'codeRegion'),
(14, '2022-04-25 12:40:10', '2022-04-25 12:41:22', 'Province', 'text', 1, 1, 1, 1, NULL, NULL, 5, 'province'),
(15, '2022-04-25 12:40:10', '2022-04-25 12:41:22', 'Chef lieu', 'text', 1, 1, 1, 1, NULL, NULL, 5, 'cheflieu'),
(16, '2022-04-25 12:40:10', '2022-04-25 12:41:22', 'Lon', 'text', 1, 1, 1, 1, NULL, NULL, 5, 'lon'),
(17, '2022-04-25 12:40:10', '2022-04-25 12:41:22', 'Lat', 'text', 1, 1, 1, 1, NULL, NULL, 5, 'lat'),
(18, '2022-05-10 08:46:57', '2022-05-10 08:46:57', 'code', 'text', 1, 1, 1, 1, NULL, NULL, 6, 'code'),
(19, '2022-05-10 08:46:57', '2022-05-10 08:46:57', 'province_id', 'text', 1, 1, 1, 1, NULL, NULL, 6, 'province_id'),
(20, '2022-05-10 08:46:57', '2022-05-10 08:46:57', 'commune', 'text', 1, 1, 1, 1, NULL, NULL, 6, 'commune'),
(21, '2022-05-10 08:46:57', '2022-05-10 08:46:57', 'users_id', 'text', 1, 1, 1, 1, NULL, NULL, 6, 'users_id'),
(22, '2022-05-10 08:46:57', '2022-05-10 08:46:57', 'created_at', 'text', 0, 0, 0, 0, NULL, NULL, 6, 'created_at'),
(23, '2022-05-10 08:46:57', '2022-05-10 08:46:57', 'updated_at', 'text', 0, 0, 0, 0, NULL, NULL, 6, 'updated_at');

-- --------------------------------------------------------

--
-- Structure de la table `indicateurs`
--

DROP TABLE IF EXISTS `indicateurs`;
CREATE TABLE IF NOT EXISTS `indicateurs` (
  `id` bigint(20) UNSIGNED NOT NULL AUTO_INCREMENT,
  `region_id` int(10) UNSIGNED DEFAULT NULL,
  `province_id` int(10) UNSIGNED DEFAULT NULL,
  `commune_id` int(10) UNSIGNED DEFAULT NULL,
  `indicateur` varchar(191) COLLATE utf8mb4_unicode_ci DEFAULT NULL,
  `groupe` varchar(191) COLLATE utf8mb4_unicode_ci DEFAULT NULL,
  `niveau1` varchar(191) COLLATE utf8mb4_unicode_ci DEFAULT NULL,
  `niveau2` varchar(191) COLLATE utf8mb4_unicode_ci DEFAULT NULL,
  `indice` double(8,2) NOT NULL,
  `mois` int(10) UNSIGNED NOT NULL,
  `annee` int(10) UNSIGNED NOT NULL,
  `source` varchar(191) COLLATE utf8mb4_unicode_ci DEFAULT NULL,
  `updated_by` int(10) UNSIGNED DEFAULT NULL,
  `created_by` int(10) UNSIGNED DEFAULT NULL,
  `updated` tinyint(1) DEFAULT 0,
  `created_at` timestamp NULL DEFAULT NULL,
  `updated_at` timestamp NULL DEFAULT NULL,
  PRIMARY KEY (`id`)
) ENGINE=MyISAM AUTO_INCREMENT=44 DEFAULT CHARSET=utf8mb4 COLLATE=utf8mb4_unicode_ci;

--
-- Déchargement des données de la table `indicateurs`
--

INSERT INTO `indicateurs` (`id`, `region_id`, `province_id`, `commune_id`, `indicateur`, `groupe`, `niveau1`, `niveau2`, `indice`, `mois`, `annee`, `source`, `updated_by`, `created_by`, `updated`, `created_at`, `updated_at`) VALUES
(1, NULL, NULL, 2208, 'Taille moyenne des ménages\r\n', NULL, NULL, NULL, 5.50, 0, 0, 'RGPH2019', NULL, NULL, NULL, NULL, NULL),
(2, NULL, NULL, 2208, 'Rapport de Masculinite', NULL, NULL, NULL, 86.80, 0, 0, 'RGPH2019', NULL, NULL, NULL, NULL, NULL),
(3, NULL, NULL, 1, 'Rapport de Masculinite', NULL, NULL, NULL, 93.60, 0, 0, 'RGPH2019', NULL, NULL, NULL, NULL, NULL),
(4, NULL, NULL, 2208, 'Répartition population par sexe', NULL, 'hommes', NULL, 27960.00, 0, 0, 'RGPH2019', NULL, NULL, NULL, NULL, NULL),
(5, NULL, NULL, 2208, 'Répartition population par sexe', NULL, 'femmes', NULL, 32230.00, 0, 0, 'RGPH2019', NULL, NULL, NULL, NULL, NULL),
(6, NULL, NULL, 2208, 'Population totale', NULL, NULL, NULL, 60190.00, 0, 0, 'RGPH2019', NULL, NULL, NULL, NULL, NULL),
(7, NULL, NULL, 2208, 'Quelques Statistiques de Population', NULL, 'Population de moins d\'un an', NULL, 1503.00, 0, 0, 'RGPH2019', NULL, NULL, NULL, NULL, NULL),
(8, NULL, NULL, 2208, 'Quelques Statistiques de Population', NULL, 'Population de 1 à 4 ans', NULL, 7199.00, 0, 0, 'RGPH2019', NULL, NULL, NULL, NULL, NULL),
(9, NULL, NULL, 2208, 'Quelques Statistiques de Population', NULL, 'Population de 18 et plus', NULL, 27542.00, 0, 0, 'RGPH2019', NULL, NULL, NULL, NULL, NULL),
(10, NULL, NULL, 2208, 'Ménages connectés SONABEL', 'SERVICES', 'OUI', NULL, 5.60, 0, 0, 'RGPH2019', NULL, NULL, NULL, NULL, NULL),
(11, NULL, NULL, 2208, 'Ménages connectés SONABEL', 'SERVICES', 'NON', NULL, 94.40, 0, 0, 'RGPH2019', NULL, NULL, NULL, NULL, NULL),
(12, NULL, NULL, 2208, 'Ménages avec accès internet', 'SERVICES', 'OUI', NULL, 4.60, 0, 0, 'RGPH2019', NULL, NULL, NULL, NULL, NULL),
(13, NULL, NULL, 2208, 'Ménages avec accès internet', 'SERVICES', 'NON', NULL, 95.40, 0, 0, 'RGPH2019', NULL, NULL, NULL, NULL, NULL),
(14, NULL, NULL, 2208, 'Forage', 'ASSAINISSEMENT', 'OUI', NULL, 12.80, 13, 0, 'RGPH2019', NULL, NULL, NULL, NULL, NULL),
(15, NULL, NULL, 2208, 'Forage', 'ASSAINISSEMENT', 'NON', NULL, 87.20, 0, 0, 'RGPH2019', NULL, NULL, NULL, NULL, NULL),
(16, NULL, NULL, 2208, 'Fontaine publique', 'ASSAINISSEMENT', 'OUI', NULL, 3.60, 0, 0, 'RGPH2019', NULL, NULL, NULL, NULL, NULL),
(17, NULL, NULL, 2208, 'Fontaine publique', 'ASSAINISSEMENT', 'NON', NULL, 96.40, 0, 0, 'RGPH2019', NULL, NULL, NULL, NULL, NULL),
(18, NULL, NULL, 2208, 'Robinet-compteur intérieur propre', 'ASSAINISSEMENT', 'OUI', NULL, 0.10, 0, 0, 'RGPH2019', NULL, NULL, NULL, NULL, NULL),
(19, NULL, NULL, 2208, 'Robinet-compteur intérieur propre', 'ASSAINISSEMENT', 'NON', NULL, 99.90, 0, 0, 'RGPH2019', NULL, NULL, NULL, NULL, NULL),
(20, NULL, NULL, 2208, 'Accès à l\'eau potable', 'ASSAINISSEMENT', 'OUI', NULL, 17.00, 0, 0, 'RGPH2019', NULL, NULL, NULL, NULL, NULL),
(21, NULL, NULL, 2208, 'Accès à l\'eau potable', 'ASSAINISSEMENT', 'NON', NULL, 83.00, 0, 0, 'RGPH2019', NULL, NULL, NULL, NULL, NULL),
(22, NULL, NULL, 2208, 'Une chasse d\'eau en commun', 'ASSAINISSEMENT', 'OUI', NULL, 2.40, 0, 0, 'RGPH2019', NULL, NULL, NULL, NULL, NULL),
(23, NULL, NULL, 2208, 'Une chasse d\'eau en commun', 'ASSAINISSEMENT', 'NON', NULL, 97.60, 0, 0, 'RGPH2019', NULL, NULL, NULL, NULL, NULL),
(24, NULL, NULL, 2208, 'Une latrine', 'ASSAINISSEMENT', 'OUI', NULL, 34.30, 0, 0, 'RGPH2019', NULL, NULL, NULL, NULL, NULL),
(25, NULL, NULL, 2208, 'Une latrine', 'ASSAINISSEMENT', 'NON', NULL, 65.70, 0, 0, 'RGPH2019', NULL, NULL, NULL, NULL, NULL),
(26, NULL, NULL, 2208, 'Aisance en Brousse/nature', 'ASSAINISSEMENT', 'OUI', NULL, 58.40, 0, 0, 'RGPH2019', NULL, NULL, NULL, NULL, NULL),
(27, NULL, NULL, 2208, 'Aisance en Brousse/nature', 'ASSAINISSEMENT', 'NON', NULL, 41.60, 0, 0, 'RGPH2019', NULL, NULL, NULL, NULL, NULL),
(28, NULL, NULL, 2208, 'Cultures pluviales', 'AGRICULTURE', 'OUI', NULL, 97.10, 0, 0, 'RGPH2019', NULL, NULL, NULL, NULL, NULL),
(29, NULL, NULL, 2208, 'Cultures pluviales', 'AGRICULTURE', 'NON', NULL, 2.90, 0, 0, 'RGPH2019', NULL, NULL, NULL, NULL, NULL),
(30, NULL, NULL, 2208, 'Cultures irriguées', 'AGRICULTURE', 'OUI', NULL, 70.80, 0, 0, 'RGPH2019', NULL, NULL, NULL, NULL, NULL),
(31, NULL, NULL, 2208, 'Cultures irriguées', 'AGRICULTURE', 'NON', NULL, 29.20, 0, 0, 'RGPH2019', NULL, NULL, NULL, NULL, NULL),
(32, NULL, NULL, 2208, 'Cultures maraichères', 'AGRICULTURE', 'OUI', NULL, 88.30, 0, 0, 'RGPH2019', NULL, NULL, NULL, NULL, NULL),
(33, NULL, NULL, 2208, 'Cultures maraichères', 'AGRICULTURE', 'NON', NULL, 11.70, 0, 0, 'RGPH2019', NULL, NULL, NULL, NULL, NULL),
(34, NULL, NULL, 2208, 'Elevage', 'AGRICULTURE', 'OUI', NULL, 92.00, 0, 0, 'RGPH2019', NULL, NULL, NULL, NULL, NULL),
(35, NULL, NULL, 2208, 'Elevage', 'AGRICULTURE', 'NON', NULL, 7.20, 0, 0, 'RGPH2019', NULL, NULL, NULL, NULL, NULL),
(36, NULL, NULL, 2208, 'Apiculture', 'AGRICULTURE', 'OUI', NULL, 3.00, 0, 0, 'RGPH2019', NULL, NULL, NULL, NULL, NULL),
(37, NULL, NULL, 2208, 'Apiculture', 'AGRICULTURE', 'NON', NULL, 97.00, 0, 0, 'RGPH2019', NULL, NULL, NULL, NULL, NULL),
(38, NULL, NULL, 2208, 'Arboriculture fruitière', 'AGRICULTURE', 'OUI', NULL, 68.90, 0, 0, 'RGPH2019', NULL, NULL, NULL, NULL, NULL),
(39, NULL, NULL, 2208, 'Arboriculture fruitière', 'AGRICULTURE', 'NON', NULL, 31.10, 0, 0, 'RGPH2019', NULL, NULL, NULL, NULL, NULL),
(40, NULL, NULL, 2208, 'Sylviculture', 'AGRICULTURE', 'OUI', NULL, 68.20, 0, 0, 'RGPH2019', NULL, NULL, NULL, NULL, NULL),
(41, NULL, NULL, 2208, 'Sylviculture', 'AGRICULTURE', 'NON', NULL, 31.80, 0, 0, 'RGPH2019', NULL, NULL, NULL, NULL, NULL),
(42, NULL, NULL, 2208, 'Pêche et l\'aquaculture', 'AGRICULTURE', 'OUI', NULL, 59.70, 0, 0, 'RGPH2019', NULL, NULL, NULL, NULL, NULL),
(43, NULL, NULL, 2208, 'Pêche et l\'aquaculture', 'AGRICULTURE', 'NON', NULL, 40.30, 0, 0, 'RGPH2019', NULL, NULL, NULL, NULL, NULL);

-- --------------------------------------------------------

--
-- Structure de la table `indicateur_carte_sanitaires`
--

DROP TABLE IF EXISTS `indicateur_carte_sanitaires`;
CREATE TABLE IF NOT EXISTS `indicateur_carte_sanitaires` (
  `id` bigint(20) UNSIGNED NOT NULL AUTO_INCREMENT,
  `region_id` int(10) UNSIGNED NOT NULL,
  `province_id` int(10) UNSIGNED NOT NULL,
  `commune_id` int(10) UNSIGNED NOT NULL,
  `district_id` int(10) UNSIGNED NOT NULL,
  `formation_sanitaire_id` int(10) UNSIGNED NOT NULL,
  `annee` int(10) UNSIGNED NOT NULL,
  `mois` int(10) UNSIGNED NOT NULL,
  `NbLit_SuiteCouche` varchar(191) COLLATE utf8mb4_unicode_ci DEFAULT NULL,
  `NbLit_HospiMaternite` varchar(191) COLLATE utf8mb4_unicode_ci DEFAULT NULL,
  `NbLit_HospiAutreService` varchar(191) COLLATE utf8mb4_unicode_ci DEFAULT NULL,
  `updated_by` int(10) UNSIGNED DEFAULT NULL,
  `created_by` int(10) UNSIGNED DEFAULT NULL,
  `updated` tinyint(1) DEFAULT 0,
  `created_at` timestamp NULL DEFAULT NULL,
  `updated_at` timestamp NULL DEFAULT NULL,
  PRIMARY KEY (`id`)
) ENGINE=MyISAM DEFAULT CHARSET=utf8mb4 COLLATE=utf8mb4_unicode_ci;

-- --------------------------------------------------------

--
-- Structure de la table `media`
--

DROP TABLE IF EXISTS `media`;
CREATE TABLE IF NOT EXISTS `media` (
  `id` bigint(20) UNSIGNED NOT NULL AUTO_INCREMENT,
  `model_type` varchar(191) COLLATE utf8mb4_unicode_ci NOT NULL,
  `model_id` bigint(20) UNSIGNED NOT NULL,
  `collection_name` varchar(191) COLLATE utf8mb4_unicode_ci NOT NULL,
  `name` varchar(191) COLLATE utf8mb4_unicode_ci NOT NULL,
  `file_name` varchar(191) COLLATE utf8mb4_unicode_ci NOT NULL,
  `mime_type` varchar(191) COLLATE utf8mb4_unicode_ci DEFAULT NULL,
  `disk` varchar(191) COLLATE utf8mb4_unicode_ci NOT NULL,
  `conversions_disk` varchar(191) COLLATE utf8mb4_unicode_ci NOT NULL,
  `size` bigint(20) UNSIGNED NOT NULL,
  `uuid` bigint(20) UNSIGNED NOT NULL,
  `manipulations` longtext CHARACTER SET utf8mb4 COLLATE utf8mb4_bin NOT NULL CHECK (json_valid(`manipulations`)),
  `custom_properties` longtext CHARACTER SET utf8mb4 COLLATE utf8mb4_bin NOT NULL CHECK (json_valid(`custom_properties`)),
  `responsive_images` longtext CHARACTER SET utf8mb4 COLLATE utf8mb4_bin NOT NULL CHECK (json_valid(`responsive_images`)),
  `order_column` int(10) UNSIGNED DEFAULT NULL,
  `created_at` timestamp NULL DEFAULT NULL,
  `updated_at` timestamp NULL DEFAULT NULL,
  PRIMARY KEY (`id`),
  KEY `media_model_type_model_id_index` (`model_type`,`model_id`)
) ENGINE=MyISAM DEFAULT CHARSET=utf8mb4 COLLATE=utf8mb4_unicode_ci;

-- --------------------------------------------------------

--
-- Structure de la table `menulist`
--

DROP TABLE IF EXISTS `menulist`;
CREATE TABLE IF NOT EXISTS `menulist` (
  `id` bigint(20) UNSIGNED NOT NULL AUTO_INCREMENT,
  `name` varchar(191) COLLATE utf8mb4_unicode_ci NOT NULL,
  PRIMARY KEY (`id`)
) ENGINE=MyISAM AUTO_INCREMENT=3 DEFAULT CHARSET=utf8mb4 COLLATE=utf8mb4_unicode_ci;

--
-- Déchargement des données de la table `menulist`
--

INSERT INTO `menulist` (`id`, `name`) VALUES
(1, 'sidebar menu'),
(2, 'top_menu');

-- --------------------------------------------------------

--
-- Structure de la table `menus`
--

DROP TABLE IF EXISTS `menus`;
CREATE TABLE IF NOT EXISTS `menus` (
  `id` bigint(20) UNSIGNED NOT NULL AUTO_INCREMENT,
  `name` varchar(191) COLLATE utf8mb4_unicode_ci NOT NULL,
  `href` varchar(191) COLLATE utf8mb4_unicode_ci DEFAULT NULL,
  `icon` varchar(191) COLLATE utf8mb4_unicode_ci DEFAULT NULL,
  `slug` varchar(191) COLLATE utf8mb4_unicode_ci NOT NULL,
  `parent_id` int(10) UNSIGNED DEFAULT NULL,
  `menu_id` int(10) UNSIGNED NOT NULL,
  `sequence` int(11) NOT NULL,
  PRIMARY KEY (`id`)
) ENGINE=MyISAM AUTO_INCREMENT=94 DEFAULT CHARSET=utf8mb4 COLLATE=utf8mb4_unicode_ci;

--
-- Déchargement des données de la table `menus`
--

INSERT INTO `menus` (`id`, `name`, `href`, `icon`, `slug`, `parent_id`, `menu_id`, `sequence`) VALUES
(1, 'Dashboard', '/', 'cil-speedometer', 'link', NULL, 1, 1),
(2, 'Login', '/login', 'cil-account-logout', 'link', NULL, 1, 2),
(3, 'Register', '/register', 'cil-account-logout', 'link', NULL, 1, 3),
(4, 'Settings', '/settings', 'cil-puzzle', 'dropdown', NULL, 1, 4),
(5, 'Media', '/media', NULL, 'link', 4, 1, 5),
(6, 'Utilisateurs', '/users', NULL, 'link', 78, 1, 61),
(7, 'Menu', '/menu', NULL, 'link', 4, 1, 6),
(8, 'BREAD', '/bread', NULL, 'link', 4, 1, 7),
(9, 'Email', '/email', NULL, 'link', 4, 1, 8),
(10, 'Theme', NULL, NULL, 'title', NULL, 1, 13),
(11, 'Colors', '/colors', 'cil-drop', 'link', NULL, 1, 13),
(12, 'Typography', '/typography', 'cil-pencil', 'link', NULL, 1, 13),
(13, 'Components', NULL, NULL, 'title', NULL, 1, 14),
(14, 'Base', '/base', 'cil-puzzle', 'dropdown', NULL, 1, 16),
(15, 'Breadcrumb', '/base/breadcrumb', NULL, 'link', 14, 1, 17),
(16, 'Cards', '/base/cards', NULL, 'link', 14, 1, 18),
(17, 'Carousel', '/base/carousel', NULL, 'link', 14, 1, 19),
(18, 'Collapse', '/base/collapse', NULL, 'link', 14, 1, 20),
(19, 'Forms', '/base/forms', NULL, 'link', 14, 1, 21),
(20, 'Jumbotron', '/base/jumbotron', NULL, 'link', 14, 1, 22),
(21, 'List group', '/base/list-group', NULL, 'link', 14, 1, 24),
(22, 'Navs', '/base/navs', NULL, 'link', 14, 1, 25),
(23, 'Pagination', '/base/pagination', NULL, 'link', 14, 1, 26),
(24, 'Popovers', '/base/popovers', NULL, 'link', 14, 1, 27),
(25, 'Progress', '/base/progress', NULL, 'link', 14, 1, 28),
(26, 'Switches', '/base/switches', NULL, 'link', 14, 1, 29),
(27, 'Tables', '/base/tables', NULL, 'link', 14, 1, 30),
(28, 'Tabs', '/base/tabs', NULL, 'link', 14, 1, 32),
(29, 'Tooltips', '/base/tooltips', NULL, 'link', 14, 1, 31),
(30, 'Buttons', '/buttons', 'cil-cursor', 'dropdown', NULL, 1, 33),
(31, 'Buttons', '/buttons/buttons', NULL, 'link', 30, 1, 34),
(32, 'Buttons Group', '/buttons/button-group', NULL, 'link', 30, 1, 36),
(33, 'Dropdowns', '/buttons/dropdowns', NULL, 'link', 30, 1, 37),
(34, 'Brand Buttons', '/buttons/brand-buttons', NULL, 'link', 30, 1, 39),
(35, 'Charts', '/charts', 'cil-chart-pie', 'link', NULL, 1, 15),
(36, 'Icons', '/icon', 'cil-star', 'dropdown', NULL, 1, 35),
(37, 'CoreUI Icons', '/icon/coreui-icons', NULL, 'link', 36, 1, 38),
(38, 'Flags', '/icon/flags', NULL, 'link', 36, 1, 40),
(39, 'Brands', '/icon/brands', NULL, 'link', 36, 1, 41),
(40, 'Notifications', '/notifications', 'cil-bell', 'dropdown', NULL, 1, 42),
(41, 'Alerts', '/notifications/alerts', NULL, 'link', 40, 1, 43),
(42, 'Badge', '/notifications/badge', NULL, 'link', 40, 1, 44),
(43, 'Modals', '/notifications/modals', NULL, 'link', 40, 1, 45),
(44, 'Widgets', '/widgets', 'cil-calculator', 'link', NULL, 1, 46),
(45, 'Extras', NULL, NULL, 'title', NULL, 1, 49),
(46, 'Pages', '/pages', 'cil-star', 'dropdown', NULL, 1, 50),
(47, 'Login', '/login', NULL, 'link', 46, 1, 52),
(48, 'Register', '/register', NULL, 'link', 46, 1, 54),
(49, 'Error 404', '/404', NULL, 'link', 46, 1, 53),
(50, 'Error 500', '/500', NULL, 'link', 46, 1, 66),
(51, 'Download CoreUI', 'https://coreui.io', 'cil-cloud-download', 'link', NULL, 1, 55),
(52, 'Try CoreUI PRO', 'https://coreui.io/pro/', 'cil-layers', 'link', NULL, 1, 51),
(53, 'Pages', '', '', 'dropdown', NULL, 2, 53),
(54, 'Dashboard', '/', NULL, 'link', 53, 2, 54),
(55, 'Notes', '/notes', NULL, 'link', 53, 2, 55),
(56, 'Users', '/users', NULL, 'link', 53, 2, 56),
(57, 'Settings', '', '', 'dropdown', NULL, 2, 57),
(58, 'Edit menu', '/menu', NULL, 'link', 57, 2, 58),
(59, 'Edit roles', '/roles', NULL, 'link', 57, 2, 59),
(60, 'Media', '/media', NULL, 'link', 57, 2, 60),
(61, 'BREAD', '/bread', NULL, 'link', 57, 2, 61),
(62, 'E-mail', '/email', NULL, 'link', 57, 2, 62),
(63, 'Regions', '/regions', NULL, 'link', 78, 1, 47),
(65, 'Provinces', '/resource/5/resource', NULL, 'link', 0, 1, 56),
(66, 'Provinces', '/provinces', NULL, 'link', 78, 1, 58),
(67, 'Communes', '/communes', NULL, 'link', 78, 1, 57),
(68, 'Professions', '/professions', NULL, 'link', 78, 1, 59),
(69, 'Districts', '/districts', NULL, 'link', 0, 2, 63),
(70, 'Districts', '/districts', NULL, 'link', 0, 2, 64),
(71, 'Districts', '/districts', NULL, 'link', 78, 1, 60),
(72, 'Formation Sanitaires', '/formation_sanitaires', NULL, 'link', 78, 1, 61),
(73, 'Acte Naissance', '/acte_naissances', NULL, 'link', 4, 1, 62),
(74, 'Etat Civil', NULL, 'cil-institution', 'dropdown', 0, 1, 9),
(75, 'Acte de naissance', '/acte_naissances', NULL, 'link', 74, 1, 63),
(76, 'Acte Décès', '/acte_deces', NULL, 'link', 74, 1, 64),
(77, 'Acte de Mariage', '/acte_mariages', NULL, 'link', 74, 1, 65),
(78, 'Paramètre', NULL, 'cil-settings', 'dropdown', 0, 1, 12),
(79, 'Santé', NULL, 'cilHospital', 'dropdown', 0, 1, 10),
(80, 'Consultation Prénatale', '/consultation_prenatales', NULL, 'link', 79, 1, 67),
(81, 'PTME', '/ptmes', NULL, 'link', 79, 1, 68),
(82, 'Accouchement', '/accouchements', NULL, 'link', 79, 1, 69),
(83, 'Consultation Postnatale', '/consultation_postnatales', NULL, 'link', 79, 1, 70),
(84, 'Vaccination Enfants', '/vaccination_enfants', NULL, 'link', 79, 1, 71),
(85, 'Planification Familiale', '/planification_familiales', NULL, 'link', 79, 1, 72),
(86, 'Mobilité Paludisme', '/morbilite_paludismes', NULL, 'link', 79, 1, 73),
(87, 'Services Curatifs', '/service_curatifs', NULL, 'link', 79, 1, 74),
(88, 'Système Information Sanitaire', '/systeme_information_sanitaires', NULL, 'link', 79, 1, 75),
(89, 'Indicateur Carte Sanitaire', '/indicateur_carte_sanitaires', NULL, 'link', 79, 1, 76),
(90, 'Pre-scolaire', '/pre_scolaires', NULL, 'link', 91, 1, 77),
(91, 'Education', NULL, 'cil-people', 'dropdown', 0, 1, 11),
(92, 'Primaire', '/primaires', NULL, 'link', 91, 1, 78),
(93, 'Post Primaire', '/post_primaires', NULL, 'link', 91, 1, 79);

-- --------------------------------------------------------

--
-- Structure de la table `menu_role`
--

DROP TABLE IF EXISTS `menu_role`;
CREATE TABLE IF NOT EXISTS `menu_role` (
  `id` bigint(20) UNSIGNED NOT NULL AUTO_INCREMENT,
  `role_name` varchar(191) COLLATE utf8mb4_unicode_ci NOT NULL,
  `menus_id` int(10) UNSIGNED NOT NULL,
  PRIMARY KEY (`id`)
) ENGINE=MyISAM AUTO_INCREMENT=279 DEFAULT CHARSET=utf8mb4 COLLATE=utf8mb4_unicode_ci;

--
-- Déchargement des données de la table `menu_role`
--

INSERT INTO `menu_role` (`id`, `role_name`, `menus_id`) VALUES
(275, 'guest', 1),
(274, 'user', 1),
(273, 'admin', 1),
(4, 'guest', 2),
(5, 'guest', 3),
(6, 'admin', 4),
(7, 'admin', 5),
(278, 'admin', 6),
(9, 'admin', 7),
(10, 'admin', 8),
(11, 'admin', 9),
(22, 'user', 15),
(23, 'admin', 15),
(24, 'user', 16),
(25, 'admin', 16),
(26, 'user', 17),
(27, 'admin', 17),
(28, 'user', 18),
(29, 'admin', 18),
(30, 'user', 19),
(31, 'admin', 19),
(32, 'user', 20),
(33, 'admin', 20),
(34, 'user', 21),
(35, 'admin', 21),
(36, 'user', 22),
(37, 'admin', 22),
(38, 'user', 23),
(39, 'admin', 23),
(40, 'user', 24),
(41, 'admin', 24),
(42, 'user', 25),
(43, 'admin', 25),
(44, 'user', 26),
(45, 'admin', 26),
(46, 'user', 27),
(47, 'admin', 27),
(48, 'user', 28),
(49, 'admin', 28),
(50, 'user', 29),
(51, 'admin', 29),
(54, 'user', 31),
(55, 'admin', 31),
(56, 'user', 32),
(57, 'admin', 32),
(58, 'user', 33),
(59, 'admin', 33),
(60, 'user', 34),
(61, 'admin', 34),
(66, 'user', 37),
(67, 'admin', 37),
(68, 'user', 38),
(69, 'admin', 38),
(70, 'user', 39),
(71, 'admin', 39),
(74, 'user', 41),
(75, 'admin', 41),
(76, 'user', 42),
(77, 'admin', 42),
(78, 'user', 43),
(79, 'admin', 43),
(86, 'user', 47),
(87, 'admin', 47),
(88, 'user', 48),
(89, 'admin', 48),
(90, 'user', 49),
(91, 'admin', 49),
(92, 'user', 50),
(93, 'admin', 50),
(100, 'guest', 53),
(101, 'user', 53),
(102, 'admin', 53),
(103, 'guest', 54),
(104, 'user', 54),
(105, 'admin', 54),
(106, 'user', 55),
(107, 'admin', 55),
(108, 'admin', 56),
(109, 'admin', 57),
(110, 'admin', 58),
(111, 'admin', 59),
(112, 'admin', 60),
(113, 'admin', 61),
(114, 'admin', 62),
(118, 'admin', 65),
(136, 'admin', 69),
(137, 'user', 69),
(138, 'guest', 69),
(139, 'admin', 70),
(140, 'user', 70),
(141, 'guest', 70),
(148, 'admin', 73),
(149, 'user', 73),
(150, 'guest', 73),
(154, 'admin', 75),
(155, 'user', 75),
(156, 'guest', 75),
(169, 'admin', 76),
(170, 'user', 76),
(171, 'guest', 76),
(172, 'admin', 77),
(173, 'user', 77),
(174, 'guest', 77),
(177, 'admin', 63),
(178, 'admin', 66),
(179, 'user', 66),
(180, 'guest', 66),
(181, 'admin', 67),
(182, 'user', 67),
(183, 'guest', 67),
(184, 'admin', 68),
(185, 'user', 68),
(186, 'guest', 68),
(187, 'admin', 71),
(188, 'user', 71),
(189, 'guest', 71),
(190, 'admin', 72),
(191, 'user', 72),
(192, 'guest', 72),
(195, 'admin', 78),
(196, 'user', 78),
(210, 'admin', 80),
(211, 'user', 80),
(212, 'guest', 80),
(213, 'admin', 74),
(214, 'user', 74),
(215, 'admin', 79),
(216, 'user', 79),
(217, 'user', 81),
(218, 'admin', 81),
(223, 'admin', 84),
(224, 'user', 84),
(227, 'admin', 86),
(228, 'user', 86),
(231, 'admin', 88),
(232, 'user', 88),
(233, 'admin', 89),
(234, 'user', 89),
(235, 'admin', 10),
(236, 'admin', 11),
(237, 'admin', 12),
(238, 'admin', 13),
(239, 'admin', 35),
(240, 'admin', 14),
(241, 'admin', 30),
(242, 'admin', 36),
(243, 'admin', 40),
(244, 'admin', 44),
(245, 'admin', 45),
(246, 'admin', 46),
(247, 'admin', 52),
(248, 'admin', 51),
(251, 'admin', 91),
(252, 'user', 91),
(259, 'admin', 82),
(260, 'user', 82),
(261, 'admin', 83),
(262, 'user', 83),
(263, 'admin', 85),
(264, 'user', 85),
(265, 'admin', 87),
(266, 'user', 87),
(267, 'admin', 90),
(268, 'user', 90),
(269, 'admin', 92),
(270, 'user', 92),
(271, 'admin', 93),
(272, 'user', 93),
(276, 'default', 1);

-- --------------------------------------------------------

--
-- Structure de la table `migrations`
--

DROP TABLE IF EXISTS `migrations`;
CREATE TABLE IF NOT EXISTS `migrations` (
  `id` int(10) UNSIGNED NOT NULL AUTO_INCREMENT,
  `migration` varchar(191) COLLATE utf8mb4_unicode_ci NOT NULL,
  `batch` int(11) NOT NULL,
  PRIMARY KEY (`id`)
) ENGINE=MyISAM AUTO_INCREMENT=92 DEFAULT CHARSET=utf8mb4 COLLATE=utf8mb4_unicode_ci;

--
-- Déchargement des données de la table `migrations`
--

INSERT INTO `migrations` (`id`, `migration`, `batch`) VALUES
(1, '2014_10_12_000000_create_users_table', 1),
(2, '2014_10_12_100000_create_password_resets_table', 1),
(3, '2019_08_19_000000_create_failed_jobs_table', 1),
(4, '2019_10_11_085455_create_notes_table', 1),
(5, '2019_10_12_115248_create_status_table', 1),
(6, '2019_11_08_102827_create_menus_table', 1),
(7, '2019_11_13_092213_create_menurole_table', 1),
(8, '2019_12_11_091036_create_menulist_table', 1),
(9, '2019_12_18_092518_create_role_hierarchy_table', 1),
(10, '2020_01_07_093259_create_folder_table', 1),
(11, '2020_01_21_150250_create_media_table', 1),
(12, '2020_01_21_161241_create_form_field_table', 1),
(13, '2020_01_21_161242_create_form_table', 1),
(14, '2020_01_21_161243_create_example_table', 1),
(15, '2020_02_12_104545_create_permission_tables', 1),
(16, '2020_03_12_111400_create_email_template_table', 1),
(19, '2022_04_25_132247_create_regions_table', 2),
(22, '2022_04_25_142747_create_provinces_table', 3),
(24, '2022_04_25_164656_create_communes_table', 4),
(25, '2022_04_25_174355_create_professions_table', 5),
(28, '2022_04_27_102211_create_districts_table', 6),
(29, '2022_04_27_155439_create_formation_sanitaires_table', 7),
(30, '2022_05_03_114739_create_acte_naissances_table', 8),
(31, '2022_05_04_130035_create_acte_deces_table', 9),
(34, '2022_05_05_141754_create_acte_mariages_table', 10),
(55, '2022_05_09_104736_create_vacination_enfants_table', 11),
(67, '2022_05_09_103704_create_consultation_prenatales_table', 12),
(68, '2022_05_09_104315_create_ptmes_table', 12),
(69, '2022_05_09_104449_create_accouchements_table', 12),
(70, '2022_05_09_104629_create_consultation_postnatales_table', 12),
(78, '2022_05_09_104736_create_vaccination_enfants_table', 13),
(79, '2022_05_09_105313_create_planification_familiales_table', 13),
(80, '2022_05_09_110109_create_morbilite_paludismes_table', 13),
(81, '2022_05_12_094531_create_indicateurs_table', 13),
(82, '2022_05_18_145814_create_service_curatifs_table', 13),
(83, '2022_05_18_145939_create_indicateur_carte_sanitaires_table', 13),
(84, '2022_05_18_150042_create_systeme_information_sanitaires_table', 13),
(85, '2022_05_19_111102_create_pre_scolaires_table', 14),
(88, '2022_05_20_105742_create_primaires_table', 15),
(89, '2022_05_20_153953_create_post_primaires_table', 15),
(91, '2022_07_04_163308_create_parametres_table', 16);

-- --------------------------------------------------------

--
-- Structure de la table `model_has_permissions`
--

DROP TABLE IF EXISTS `model_has_permissions`;
CREATE TABLE IF NOT EXISTS `model_has_permissions` (
  `permission_id` bigint(20) UNSIGNED NOT NULL,
  `model_type` varchar(191) COLLATE utf8mb4_unicode_ci NOT NULL,
  `model_id` bigint(20) UNSIGNED NOT NULL,
  PRIMARY KEY (`permission_id`,`model_id`,`model_type`),
  KEY `model_has_permissions_model_id_model_type_index` (`model_id`,`model_type`)
) ENGINE=MyISAM DEFAULT CHARSET=utf8mb4 COLLATE=utf8mb4_unicode_ci;

-- --------------------------------------------------------

--
-- Structure de la table `model_has_roles`
--

DROP TABLE IF EXISTS `model_has_roles`;
CREATE TABLE IF NOT EXISTS `model_has_roles` (
  `role_id` bigint(20) UNSIGNED NOT NULL,
  `model_type` varchar(191) COLLATE utf8mb4_unicode_ci NOT NULL,
  `model_id` bigint(20) UNSIGNED NOT NULL,
  PRIMARY KEY (`role_id`,`model_id`,`model_type`),
  KEY `model_has_roles_model_id_model_type_index` (`model_id`,`model_type`)
) ENGINE=MyISAM DEFAULT CHARSET=utf8mb4 COLLATE=utf8mb4_unicode_ci;

--
-- Déchargement des données de la table `model_has_roles`
--

INSERT INTO `model_has_roles` (`role_id`, `model_type`, `model_id`) VALUES
(1, 'App\\Models\\User', 1),
(2, 'App\\Models\\User', 1),
(2, 'App\\Models\\User', 2),
(2, 'App\\Models\\User', 3),
(2, 'App\\Models\\User', 4),
(2, 'App\\Models\\User', 5),
(2, 'App\\Models\\User', 6),
(2, 'App\\Models\\User', 7),
(2, 'App\\Models\\User', 8),
(2, 'App\\Models\\User', 9),
(2, 'App\\Models\\User', 10),
(2, 'App\\Models\\User', 11);

-- --------------------------------------------------------

--
-- Structure de la table `morbilite_paludismes`
--

DROP TABLE IF EXISTS `morbilite_paludismes`;
CREATE TABLE IF NOT EXISTS `morbilite_paludismes` (
  `id` bigint(20) UNSIGNED NOT NULL AUTO_INCREMENT,
  `region_id` int(10) UNSIGNED NOT NULL,
  `province_id` int(10) UNSIGNED NOT NULL,
  `commune_id` int(10) UNSIGNED NOT NULL,
  `district_id` int(10) UNSIGNED NOT NULL,
  `formation_sanitaire_id` int(10) UNSIGNED NOT NULL,
  `annee` int(10) UNSIGNED NOT NULL,
  `mois` int(10) UNSIGNED NOT NULL,
  `NbCas_Suspect_Palu` varchar(191) COLLATE utf8mb4_unicode_ci DEFAULT NULL,
  `NbCas_PaluSimple_Confirme` varchar(191) COLLATE utf8mb4_unicode_ci DEFAULT NULL,
  `NbCas_PaluSimple_Presume` varchar(191) COLLATE utf8mb4_unicode_ci DEFAULT NULL,
  `NbCas_PaluGrave_Confirme` varchar(191) COLLATE utf8mb4_unicode_ci DEFAULT NULL,
  `NbCas_PaluGrave_Presume` varchar(191) COLLATE utf8mb4_unicode_ci DEFAULT NULL,
  `NbCas_Deces_PaluGrave` varchar(191) COLLATE utf8mb4_unicode_ci DEFAULT NULL,
  `updated_by` int(10) UNSIGNED DEFAULT NULL,
  `created_by` int(10) UNSIGNED DEFAULT NULL,
  `updated` tinyint(1) DEFAULT 0,
  `created_at` timestamp NULL DEFAULT NULL,
  `updated_at` timestamp NULL DEFAULT NULL,
  PRIMARY KEY (`id`)
) ENGINE=MyISAM DEFAULT CHARSET=utf8mb4 COLLATE=utf8mb4_unicode_ci;

-- --------------------------------------------------------

--
-- Structure de la table `notes`
--

DROP TABLE IF EXISTS `notes`;
CREATE TABLE IF NOT EXISTS `notes` (
  `id` bigint(20) UNSIGNED NOT NULL AUTO_INCREMENT,
  `title` varchar(191) COLLATE utf8mb4_unicode_ci NOT NULL,
  `content` text COLLATE utf8mb4_unicode_ci NOT NULL,
  `note_type` varchar(191) COLLATE utf8mb4_unicode_ci NOT NULL,
  `applies_to_date` date NOT NULL,
  `users_id` int(10) UNSIGNED NOT NULL,
  `status_id` int(10) UNSIGNED NOT NULL,
  `created_at` timestamp NULL DEFAULT NULL,
  `updated_at` timestamp NULL DEFAULT NULL,
  PRIMARY KEY (`id`)
) ENGINE=MyISAM AUTO_INCREMENT=102 DEFAULT CHARSET=utf8mb4 COLLATE=utf8mb4_unicode_ci;

--
-- Déchargement des données de la table `notes`
--

INSERT INTO `notes` (`id`, `title`, `content`, `note_type`, `applies_to_date`, `users_id`, `status_id`, `created_at`, `updated_at`) VALUES
(1, 'Quo debitis aut soluta at occaecati.', 'Enim possimus nemo qui laudantium est quae itaque. Aut soluta eligendi est enim et est. Deserunt explicabo nemo accusamus cumque culpa temporibus quidem. Omnis ipsa voluptas qui non sint ad dolorem cum.', 'facilis quo', '1987-02-07', 4, 4, NULL, NULL),
(2, 'Tempora voluptatem labore sint.', 'Sit aliquam aspernatur ipsa expedita facilis voluptatem nesciunt. Voluptas autem quaerat illum velit sit. Magni ducimus praesentium ipsum reiciendis sint.', 'aut modi', '1984-03-19', 11, 1, NULL, NULL),
(3, 'Maiores sapiente voluptatem hic.', 'Consectetur sit occaecati dicta et culpa accusamus nostrum. Illum eos omnis eveniet adipisci quasi. Occaecati quo numquam ad eum. Ut velit aperiam sunt consequatur nostrum.', 'minus est', '1972-06-23', 3, 3, NULL, NULL),
(4, 'Commodi accusamus modi ratione doloremque.', 'Vel quaerat minus voluptas quos reiciendis veniam. Consequatur autem ab sint quisquam occaecati. Qui autem vero ratione dicta aut error sint. Pariatur sunt qui laborum omnis voluptas ut mollitia sed.', 'cumque', '2017-12-03', 6, 4, NULL, NULL),
(5, 'Ut vero sunt repellendus.', 'Tenetur molestiae totam assumenda natus. Consequatur occaecati officia suscipit ea quia quis. In voluptatem sapiente sit sed est corrupti. Vitae earum laudantium possimus facere eius suscipit quibusdam qui.', 'ipsa illum', '2005-02-19', 3, 4, NULL, NULL),
(6, 'Hic natus animi perspiciatis.', 'Harum eligendi et placeat autem vel. Hic amet omnis deserunt iure dolorem ut. Quasi impedit ipsum esse sequi nisi sed iure. Et eum qui quasi quod.', 'pariatur', '2016-12-20', 8, 2, NULL, NULL),
(7, 'Soluta cupiditate ratione aut.', 'Nostrum sunt laboriosam ex itaque velit quos atque. Laudantium ipsa impedit odio vitae molestiae. Quis ut natus voluptate totam nulla.', 'cupiditate quo', '1995-06-05', 8, 1, NULL, NULL),
(8, 'Est facilis et explicabo deleniti.', 'Eligendi pariatur tempore animi aut. A tempora occaecati cum autem exercitationem odio. Iste magni voluptates id temporibus magni dicta aspernatur.', 'modi', '1983-10-29', 11, 4, NULL, NULL),
(9, 'Minus aut soluta.', 'Consequatur placeat aut numquam ex officia vero alias in. Voluptatem officiis est corporis odit accusantium illum. Maxime ad fugiat maxime et ea culpa molestiae dolorem. Quae voluptatem magni delectus.', 'et molestias', '1976-09-23', 6, 1, NULL, NULL),
(10, 'Sequi explicabo ut magni.', 'Est eveniet quo beatae eos autem fugiat minus. Molestias libero non libero dolores illum non cumque. Suscipit itaque pariatur itaque rerum est minima. Quos ipsum provident qui et atque qui. Consectetur rem iure quo magni fugit voluptatem optio.', 'ipsam qui', '2007-07-04', 7, 4, NULL, NULL),
(11, 'Id ab ullam beatae.', 'Provident quibusdam provident eaque consequatur minus. Exercitationem dolores porro corporis placeat repudiandae et. Neque odit hic quasi rerum. Occaecati voluptatem dignissimos molestiae.', 'id quis', '1970-11-01', 9, 3, NULL, NULL),
(12, 'Autem consequatur quasi sequi ut.', 'Dolorum architecto aliquid numquam. Voluptas non itaque sed molestiae. Officiis velit eligendi officiis inventore. Itaque quia quos provident explicabo et maxime.', 'voluptatem', '2002-12-15', 11, 2, NULL, NULL),
(13, 'Corrupti sapiente quis ut ut enim.', 'Illo sit hic reiciendis eaque. A ex mollitia velit voluptatem. Magnam repellat non aperiam maiores ab.', 'quis', '1973-04-29', 9, 1, NULL, NULL),
(14, 'Consequuntur accusantium voluptates sit.', 'Doloremque maiores error in eos id unde. Error molestiae a aut hic cupiditate temporibus autem et. Commodi sit ut id perspiciatis.', 'ut doloribus', '1997-08-01', 8, 4, NULL, NULL),
(15, 'Amet consectetur corporis eaque qui eos.', 'Ipsam non amet ad qui consectetur sapiente. At quas et suscipit. Cumque facilis voluptates iste dolor ut. Repudiandae natus excepturi vitae.', 'ipsa', '1972-07-28', 5, 3, NULL, NULL),
(16, 'Voluptatem maxime voluptatibus cum ipsa.', 'Eius itaque reiciendis ut dolor sit totam. Possimus vero omnis soluta non commodi quasi. Porro earum corrupti reiciendis maxime itaque. Aliquid sint non reiciendis.', 'omnis', '1976-12-21', 5, 4, NULL, NULL),
(17, 'Molestiae nisi id et.', 'Necessitatibus tenetur dolor nulla non eum. Animi occaecati sed molestiae dolorem adipisci tenetur nulla molestiae. Dolorem soluta voluptatem dolores.', 'non', '1997-04-26', 3, 4, NULL, NULL),
(18, 'Molestias quas et asperiores.', 'Provident quibusdam ut saepe. Esse totam qui vel voluptatem similique aut. Et ut ullam qui quae nihil quaerat ut ut. Itaque sunt quis est labore ab.', 'delectus', '2004-12-05', 11, 3, NULL, NULL),
(19, 'Porro tempora a quis voluptatem.', 'Delectus voluptate consequuntur ea quia. Accusamus minima itaque qui provident aut. Sed voluptatibus possimus iste omnis autem dolorem cupiditate deleniti.', 'vitae eius', '1999-08-09', 2, 4, NULL, NULL),
(20, 'Sit qui ea ratione.', 'Et voluptas fuga distinctio ut. Excepturi magni voluptatibus maxime aut consequuntur voluptatem ex. Itaque ex excepturi quo suscipit veritatis quo at.', 'laudantium', '2012-02-15', 4, 1, NULL, NULL),
(21, 'Delectus ut omnis.', 'Cum provident laboriosam suscipit sunt nisi autem quas. Eligendi eum quas ut aut voluptas ut incidunt. Rerum nihil consequatur deleniti provident quae.', 'veniam id', '1999-04-10', 3, 4, NULL, NULL),
(22, 'Dicta aut esse facilis non dicta.', 'Cupiditate quas consequatur quos. Omnis omnis quas eaque odio eius velit. Doloremque id est deleniti ut.', 'expedita', '2006-11-30', 2, 2, NULL, NULL),
(23, 'Dolorum velit occaecati doloremque.', 'Doloremque maxime exercitationem inventore consequatur. Iusto ea aut expedita cumque vero. Alias aliquam quam adipisci fugiat quibusdam et. Recusandae unde odit dolor sed quia qui.', 'quo', '2018-05-30', 5, 2, NULL, NULL),
(24, 'Asperiores temporibus iure tempore.', 'Similique in id quas vitae quia velit laudantium. Quis sint aperiam est sit temporibus. Autem voluptatem aspernatur vero ut ut.', 'modi', '2003-01-04', 7, 4, NULL, NULL),
(25, 'Optio hic quibusdam et quasi omnis.', 'Molestiae deserunt atque cum fugiat quia ut. Tempora molestiae mollitia est voluptatem id rerum saepe. Fugiat est laborum in odit doloribus id. Error consequatur esse soluta eius numquam.', 'consequatur', '1972-11-21', 9, 1, NULL, NULL),
(26, 'Accusantium aspernatur ad.', 'Omnis iusto minima corporis eveniet aut sit. Rem optio ut illum impedit ut quia. Et quia natus eius. Temporibus nobis est qui ab aut ut et. Quia beatae id sed consequatur.', 'ipsam quidem', '2013-04-10', 8, 3, NULL, NULL),
(27, 'Expedita nihil in eaque nobis ullam.', 'Ad possimus quibusdam dicta. Velit inventore alias consectetur. Ipsam perspiciatis cumque voluptas tenetur consequatur. Ipsam ut voluptates ex odio aut.', 'id', '2019-06-04', 4, 2, NULL, NULL),
(28, 'Magni nisi aut alias unde voluptatem.', 'Quas illo dolore est voluptatem non tenetur animi est. Dolorem sapiente magni non ut placeat omnis magnam. Qui autem dolore aperiam perspiciatis quaerat enim vitae voluptates. Nihil et dicta odio modi molestiae fuga.', 'repellat rerum', '2006-08-12', 3, 2, NULL, NULL),
(29, 'Quas et atque vero dignissimos repudiandae.', 'Eos minus fuga adipisci consequatur quisquam aut. Et tempora est dicta est. Est exercitationem quia ratione occaecati enim dolorum.', 'laudantium aut', '2002-07-13', 9, 1, NULL, NULL),
(30, 'Consequatur ipsa laborum explicabo.', 'Quia quia nulla ducimus hic qui praesentium consequuntur aliquid. Molestias repellat assumenda sapiente aut dicta eos aut. Rem officiis quisquam dolorem quia. Molestiae ut quo alias dolor et minus nobis est.', 'commodi', '2009-01-26', 4, 4, NULL, NULL),
(31, 'Aliquid eligendi omnis blanditiis et.', 'Recusandae quisquam quo deserunt iste ut. Aut voluptas quos alias explicabo reiciendis. Sequi excepturi quibusdam in occaecati laboriosam suscipit qui. Cumque illo corporis sed praesentium possimus eum hic nostrum. Omnis maiores sequi officiis corrupti.', 'harum recusandae', '1974-04-03', 4, 1, NULL, NULL),
(32, 'Ut est ratione veritatis tenetur.', 'Architecto quidem dicta ullam sunt enim voluptatem. Nisi earum tenetur modi hic. Qui nisi pariatur molestias quod eos cumque. Provident quia repellendus voluptates. Molestias est ut vero consectetur excepturi quia veniam.', 'nisi', '1994-07-08', 5, 4, NULL, NULL),
(33, 'Magni aut est totam sed.', 'Numquam quos sequi quas et sed. Ea reiciendis sequi quas enim aut. Tempore qui laborum corrupti. Consequatur nihil pariatur in quae. Tenetur labore culpa sint exercitationem illum.', 'consequatur officiis', '2010-01-05', 10, 2, NULL, NULL),
(34, 'Tempora autem temporibus adipisci.', 'Sint distinctio consequatur accusamus. Quia ratione voluptatem illo et molestias voluptatem.', 'rerum voluptatibus', '2010-03-07', 7, 2, NULL, NULL),
(35, 'Ut ut ea dignissimos.', 'Dicta omnis quis praesentium ut fugit rerum. Maiores dolorem aspernatur eos quisquam sed nulla a. Omnis ratione quisquam soluta vel.', 'cupiditate', '1980-02-25', 6, 3, NULL, NULL),
(36, 'Totam voluptas nihil nesciunt aut quam.', 'Error aut iste tempora non. Temporibus quo pariatur qui at vero asperiores.', 'velit', '1974-03-26', 6, 1, NULL, NULL),
(37, 'Et id officia.', 'Cum est nemo qui voluptas aspernatur et numquam. Qui tenetur laborum maiores animi aliquid. Quia amet temporibus error ratione harum consequatur quas.', 'sed fugiat', '2019-04-01', 10, 3, NULL, NULL),
(38, 'Sed perspiciatis quod sequi nemo.', 'Nobis molestias velit voluptatum culpa quasi pariatur. Similique et possimus dolore harum. Similique non optio amet non nam fugit autem saepe.', 'fugit aliquid', '1978-11-08', 9, 1, NULL, NULL),
(39, 'Id inventore qui quisquam odio dicta.', 'Eaque quo fuga expedita assumenda aut quibusdam. Aliquid quam fugit qui rem reprehenderit quia. Cum repellendus ipsa excepturi.', 'officiis pariatur', '1993-11-03', 5, 1, NULL, NULL),
(40, 'Sint molestias tempora perspiciatis aliquid.', 'Omnis nobis in laborum maxime ut. Qui in ut quaerat sapiente. Amet perspiciatis officiis asperiores itaque. Beatae aliquid consequatur ratione quia omnis impedit sit.', 'ab', '1982-11-11', 8, 4, NULL, NULL),
(41, 'Et dolorem recusandae aspernatur.', 'Voluptatem illo quia atque nisi. Rerum illum voluptatibus illo qui. Nostrum est harum rerum molestias. Eaque libero ea totam quia ab.', 'enim', '1987-07-11', 11, 3, NULL, NULL),
(42, 'Laudantium et aut blanditiis.', 'Aut occaecati soluta praesentium non libero. Inventore facilis aut culpa dolores non consequatur commodi. In officia quidem quos.', 'ad', '1982-08-21', 10, 4, NULL, NULL),
(43, 'Quam repellat quia enim.', 'Delectus porro placeat quae dolores quas culpa ut. Earum sit voluptas vero dignissimos eveniet numquam. Iure est impedit mollitia nihil labore explicabo. Et et fuga non dolore. Quod sit similique rerum qui sint fuga cum.', 'aut et', '1982-12-01', 7, 1, NULL, NULL),
(44, 'Eum minima voluptas reprehenderit est.', 'Non id est quia eius laudantium et. Sit quo aspernatur repellendus occaecati est fugit voluptatem. Et dignissimos explicabo in. Culpa ab sunt dolores fugiat autem tempore. Magnam voluptas ipsa est aspernatur.', 'quos', '2005-01-10', 4, 4, NULL, NULL),
(45, 'Et animi laborum quisquam non.', 'Modi repudiandae perspiciatis ipsum eius voluptatem harum quae. Odit aliquam porro officia in delectus corporis temporibus.', 'omnis optio', '1993-03-30', 8, 2, NULL, NULL),
(46, 'Aliquam quae cumque sed impedit.', 'Blanditiis ratione quo maiores. Est id eaque nesciunt eum vitae consequuntur animi. Distinctio quasi deserunt dolorem libero iure autem ullam. Odio ad odit corrupti at.', 'qui excepturi', '1985-08-23', 7, 1, NULL, NULL),
(47, 'Quo odio et vel nemo.', 'Quasi temporibus dignissimos excepturi laboriosam numquam corporis. Quaerat quis incidunt rerum magnam provident nostrum. Error est eligendi sint illum.', 'quae', '2014-05-05', 7, 1, NULL, NULL),
(48, 'Ut vel et non iste.', 'Sint aspernatur modi veniam labore nam voluptas aut. Omnis rerum rerum et quos sint. Quae velit qui maiores quo necessitatibus debitis occaecati.', 'amet', '1991-01-06', 7, 4, NULL, NULL),
(49, 'Voluptate doloribus et.', 'Suscipit voluptates sed ut facilis. Illo beatae eum quibusdam exercitationem consequatur occaecati. Velit voluptatem eos nostrum itaque est at qui suscipit. Nemo voluptatum eum veniam sit quasi consequatur sit velit.', 'sit vel', '1986-04-19', 10, 3, NULL, NULL),
(50, 'Alias autem porro incidunt autem.', 'Tenetur harum eum exercitationem natus. Labore non expedita hic. Delectus et occaecati ratione eos nostrum.', 'voluptas', '1998-01-30', 8, 1, NULL, NULL),
(51, 'Optio autem ea omnis.', 'Beatae fugiat eaque ea omnis consequatur vitae error illo. Reprehenderit ea porro totam ut quo. Veniam eius qui sunt quo eligendi dolores harum.', 'sunt', '1996-09-16', 8, 3, NULL, NULL),
(52, 'Sit in facere voluptatem.', 'Velit veniam beatae velit quae ipsam qui. Eligendi labore blanditiis et eos eveniet. Voluptates in cupiditate velit est.', 'nostrum', '2005-04-09', 8, 1, NULL, NULL),
(53, 'Animi nostrum quod omnis est dicta.', 'Aut magni quis mollitia error suscipit officia. Eaque temporibus et veniam error deleniti facere placeat. Et excepturi laboriosam sed consequatur voluptate et. At distinctio doloremque assumenda esse iste.', 'maiores sit', '1993-09-06', 7, 1, NULL, NULL),
(54, 'Quis ut consequatur rerum aspernatur.', 'At voluptatem repellendus omnis. Et voluptatem vitae fuga quo ut. Molestiae distinctio sunt sed laborum vel.', 'error voluptatem', '1985-12-20', 11, 3, NULL, NULL),
(55, 'Aspernatur numquam alias nesciunt id.', 'Sed explicabo neque corrupti sit temporibus dignissimos unde. Et suscipit et veniam placeat aut fugiat. Accusantium rerum harum voluptatum rerum corporis exercitationem. Inventore architecto id cupiditate alias ex a id sunt.', 'nisi ipsam', '1975-02-18', 6, 3, NULL, NULL),
(56, 'Officiis veritatis dolore dolores.', 'Recusandae et vitae vel quas rerum et consequatur. Vitae molestias libero temporibus. Consequatur deserunt officiis minus ea ut et voluptatem.', 'aliquam amet', '1977-12-26', 4, 2, NULL, NULL),
(57, 'Omnis omnis labore illo.', 'Ut accusamus sapiente reiciendis eveniet ea omnis placeat occaecati. Numquam voluptas fuga laudantium magni qui inventore. Explicabo aspernatur ut quia assumenda culpa. Fugiat rerum unde commodi quia consequatur.', 'ut consequatur', '1971-02-14', 10, 2, NULL, NULL),
(58, 'Quis impedit eos quis vitae suscipit.', 'Et illo qui et fugiat dicta occaecati. Debitis quis nihil saepe ut odio exercitationem. Ducimus qui velit quo quam.', 'et', '2004-01-21', 6, 4, NULL, NULL),
(59, 'Temporibus quisquam adipisci commodi.', 'Optio quis sed voluptatem aut culpa velit. Velit cumque reprehenderit in qui. Et at quae qui a. Cupiditate odit sed est assumenda amet molestiae porro voluptatem.', 'eos', '1996-07-13', 4, 1, NULL, NULL),
(60, 'Quam nisi sunt et.', 'Quo maxime quia ipsam. Veniam sequi error dolores possimus error illum. Est praesentium fugit cum dolor possimus sit.', 'earum voluptatem', '1987-10-22', 7, 2, NULL, NULL),
(61, 'Reprehenderit consequatur id aut.', 'Eligendi ad rerum nihil quas et aut. Iste et sed id possimus in et vero. Autem non voluptas velit consequuntur ratione iusto.', 'aut fugiat', '2001-01-26', 10, 2, NULL, NULL),
(62, 'Voluptatum enim quae quod.', 'Quia eligendi aliquid autem iusto sequi. Dolorem pariatur adipisci reprehenderit rerum eos perferendis earum. Amet iure enim laboriosam illo quo asperiores.', 'perferendis', '2004-04-24', 8, 1, NULL, NULL),
(63, 'Ex doloremque non earum reprehenderit.', 'Eius iure ducimus illum voluptatem accusantium. Maiores voluptatem at a odio et est. Reprehenderit ipsam assumenda nemo voluptatibus molestias et. Ipsum earum accusamus explicabo tempore non inventore ad.', 'nam debitis', '1992-07-20', 7, 3, NULL, NULL),
(64, 'Necessitatibus dolores corrupti voluptatibus.', 'Quam animi quia nihil numquam doloremque dolores. Illum commodi voluptatem qui asperiores aliquam. Velit ea maxime quae.', 'eum', '1981-12-18', 3, 4, NULL, NULL),
(65, 'Laborum temporibus quidem aut velit doloremque.', 'Numquam quod itaque perferendis ipsam. Voluptas doloremque libero explicabo rerum dignissimos illo dolores. Quaerat aliquid qui id incidunt rerum nam.', 'qui', '1996-05-29', 5, 2, NULL, NULL),
(66, 'Atque reprehenderit sunt praesentium maxime.', 'Corporis animi cupiditate aliquam error quo. Ipsum dolor tempora quo veritatis nobis cupiditate. Quaerat tempora odio reprehenderit voluptatem quia rerum. Quia rerum et quia. Aut ut eos aliquid praesentium libero qui maiores omnis.', 'quasi', '2015-11-24', 3, 2, NULL, NULL),
(67, 'Minus quos illum.', 'Ducimus deleniti omnis aperiam ut dolorem. Fugit mollitia nostrum consectetur. Aperiam explicabo qui iure modi voluptas.', 'vel enim', '2011-02-06', 11, 4, NULL, NULL),
(68, 'Commodi dolorem autem qui.', 'Ipsam nihil debitis est. Est quo distinctio dolor tempora quidem beatae rerum. Sint sunt a similique beatae aut dolores ea. Minima omnis fugiat dolorem odio sequi nihil.', 'iusto', '2020-11-09', 3, 3, NULL, NULL),
(69, 'Molestiae quia atque necessitatibus quas.', 'Itaque consequatur architecto qui quisquam. Illo ullam temporibus laudantium in ad velit. Quaerat doloremque at animi laboriosam vel in hic sint.', 'blanditiis dolor', '2001-09-26', 8, 4, NULL, NULL),
(70, 'Similique ipsa inventore dicta quas.', 'Eius nemo et et et fuga et. Molestias dolor dolore sunt quas totam ut est est. Optio ut sunt quia natus illo dolorum. Eius ut et dolor.', 'quia aliquid', '2015-12-08', 8, 4, NULL, NULL),
(71, 'Sed laborum deleniti quis.', 'Illum omnis natus ea nam. Dolores minus vel beatae officia eaque suscipit est. Nulla nobis rerum incidunt.', 'quos molestiae', '2013-09-21', 11, 3, NULL, NULL),
(72, 'Explicabo aut non laboriosam aut.', 'Est dolor nam autem qui debitis eaque et. Officia aut architecto consequuntur saepe quaerat dolores. Et quia dolorum ipsa culpa corporis. Esse recusandae vel iure possimus saepe quo dolores cumque.', 'unde iste', '2007-05-31', 5, 4, NULL, NULL),
(73, 'Accusantium eos veniam.', 'Quasi sit culpa est nisi. Ipsam omnis eaque praesentium officiis. Et debitis officia praesentium quasi ipsa quae. Ut alias quia odit rerum fugiat aut.', 'ut', '1999-01-29', 3, 1, NULL, NULL),
(74, 'Adipisci eaque tempore.', 'Dicta minus quis doloremque dolor magnam. Inventore et velit voluptatem sunt reiciendis eaque. At excepturi et quam officiis ipsa dicta optio.', 'officiis aut', '1995-05-08', 8, 1, NULL, NULL),
(75, 'Excepturi placeat veniam reiciendis.', 'Ut ex expedita ad eveniet. Possimus culpa sequi esse aut debitis. Deserunt doloribus quos ut consequatur labore sunt impedit.', 'quam', '1979-08-21', 6, 3, NULL, NULL),
(76, 'Alias officiis accusantium dicta.', 'Voluptatem et natus minus sed ipsum ex doloribus. Ex vero voluptatem exercitationem reprehenderit dolor molestiae. Hic rerum unde maxime et ut architecto pariatur inventore.', 'ut molestiae', '1987-09-25', 7, 4, NULL, NULL),
(77, 'Atque in quis repellat dolorum.', 'Consectetur deserunt ipsa unde omnis velit quod. Qui minima earum rerum expedita in voluptatum. Et eveniet repellat sapiente.', 'voluptatem', '1993-07-25', 6, 2, NULL, NULL),
(78, 'Officia fugit temporibus qui.', 'Ut dolorem libero voluptatem occaecati. Cumque et assumenda consequuntur maiores sit qui distinctio. Quasi omnis pariatur iusto libero possimus cumque. Possimus recusandae asperiores qui minima ratione explicabo vel repellat.', 'qui', '1974-03-29', 11, 4, NULL, NULL),
(79, 'Qui officia deserunt voluptate autem.', 'Veniam blanditiis harum nihil omnis et numquam. Libero magnam voluptatem voluptatem eum ullam sunt et. Aut incidunt quae deleniti maiores fugiat esse saepe nam.', 'similique aliquam', '1976-03-05', 8, 2, NULL, NULL),
(80, 'Molestiae tempore qui reiciendis.', 'Animi in fugiat recusandae sapiente quidem consequatur eum. Omnis corporis sint expedita rem repellat quisquam consequuntur veritatis. Et fugit labore voluptatem nesciunt eos esse quia.', 'autem quo', '2008-05-06', 4, 3, NULL, NULL),
(81, 'Optio dolor beatae qui accusamus.', 'Aspernatur id quaerat facere quia doloribus beatae. Et dolores ex voluptas et eos aut. Perspiciatis corrupti porro quo quaerat fuga et.', 'soluta', '2002-03-26', 4, 4, NULL, NULL),
(82, 'Quas totam autem quidem.', 'In ut labore odit cum. Amet possimus ipsum ab eos dolore explicabo et. Dolor enim in quod explicabo. Vero debitis fugit dolor sit animi dignissimos et.', 'nemo', '2017-11-14', 8, 4, NULL, NULL),
(83, 'Omnis et dolorum neque quia totam.', 'Repellendus illo omnis occaecati reiciendis voluptatum eligendi. Nulla maxime possimus enim possimus itaque nobis qui voluptas. Blanditiis repellat ea aut dolores. Reiciendis quos explicabo sit aspernatur atque et blanditiis. Quis veniam et similique nostrum.', 'minima', '1983-11-27', 6, 1, NULL, NULL),
(84, 'Porro laudantium quis distinctio.', 'Odit velit quia inventore animi animi. Accusamus quo vitae natus iusto necessitatibus et. Delectus debitis mollitia aliquam totam in distinctio.', 'incidunt', '2018-07-11', 3, 2, NULL, NULL),
(85, 'Id consequatur aut sequi.', 'Architecto iusto illo esse repellat nisi. Quia fugit ab alias harum eum eligendi. Veniam labore et enim pariatur non asperiores. Velit qui minima molestiae natus et. Iusto similique sed impedit.', 'molestiae ut', '2019-03-30', 11, 3, NULL, NULL),
(86, 'Molestias perferendis temporibus ab necessitatibus.', 'Omnis minima sapiente deleniti natus. Aut velit officia harum eveniet et iusto voluptate. Ullam vel provident consectetur quos.', 'saepe', '2019-12-09', 4, 4, NULL, NULL),
(87, 'Aut minima quam.', 'Corrupti ipsum provident cumque exercitationem sed sit eius. Iure tempora voluptas aut veritatis quasi eaque voluptas. Voluptatem et veritatis explicabo facilis doloremque. Laudantium sit neque cum quibusdam. Voluptas voluptas et nesciunt.', 'eligendi', '1972-02-27', 2, 2, NULL, NULL),
(88, 'Vel voluptatem omnis.', 'Voluptas corrupti quo vitae assumenda omnis alias. Quis ipsum ex accusantium laboriosam qui molestiae. Sint incidunt rem quia hic delectus recusandae maiores. Quia voluptas quos autem quos vel consequuntur dolore.', 'culpa', '1995-08-21', 3, 1, NULL, NULL),
(89, 'Ut eos dolorum nesciunt.', 'Veritatis aspernatur est facere aut magnam minus libero aut. Iusto est perferendis est beatae aut error ut quod. Nulla qui cumque laboriosam nisi aut eius enim. At explicabo veritatis rerum quasi.', 'recusandae ducimus', '2020-10-26', 8, 3, NULL, NULL),
(90, 'Deserunt dolor laboriosam sed sed nesciunt.', 'Non nemo rerum laudantium eligendi corporis nostrum eveniet exercitationem. Rem ea qui perspiciatis est repudiandae inventore. Et dolor soluta officiis iusto necessitatibus assumenda.', 'qui nulla', '2018-09-23', 5, 3, NULL, NULL),
(91, 'Asperiores cum quo impedit doloribus.', 'Incidunt illo nemo ut veritatis et optio ipsa. Ut sunt ratione voluptatem exercitationem et est.', 'dolorum', '2003-07-05', 6, 4, NULL, NULL),
(92, 'Cumque aut libero.', 'Aliquid fuga qui quam repellendus aut repellat. Possimus temporibus officiis sapiente. Impedit debitis voluptas eos ad ullam. Eius autem est eum fugiat dolores dicta.', 'est fugiat', '1979-04-29', 9, 2, NULL, NULL),
(93, 'Et nam aspernatur quaerat.', 'Voluptate neque voluptas quia molestiae perferendis. Modi sapiente enim dolor et fuga dolorum.', 'et tenetur', '1981-03-28', 4, 4, NULL, NULL),
(94, 'Odio reiciendis mollitia iusto.', 'Vel enim quia ut pariatur a. Maxime aut quia reprehenderit recusandae et quia tempora. Repellat perferendis voluptas autem velit cum pariatur eveniet in.', 'sed vero', '2001-05-25', 4, 3, NULL, NULL),
(95, 'Cum et molestiae.', 'Occaecati quia laudantium vel blanditiis et. Et qui quasi nihil hic delectus architecto aut rerum. Dolor asperiores itaque ad quasi recusandae quo. Recusandae inventore tempore velit est.', 'modi quo', '2011-10-27', 6, 3, NULL, NULL),
(96, 'Tenetur eligendi praesentium eos.', 'Consequatur ducimus et sit impedit dignissimos cupiditate itaque id. Aut eligendi aut veniam pariatur autem reiciendis modi. Dolor mollitia et tempora molestias ducimus aut ad omnis. Quod deserunt consectetur et dicta labore temporibus a.', 'ad alias', '2011-01-01', 6, 4, NULL, NULL),
(97, 'Ad consequatur voluptatibus ipsa sed labore.', 'Aperiam laudantium ipsam quo voluptas. Culpa voluptates et facilis hic eius veniam magni quis. Asperiores facilis officiis error debitis magni ut quisquam. Minima ut quo inventore impedit vitae aliquid beatae.', 'quaerat', '2005-03-03', 5, 3, NULL, NULL),
(98, 'Labore molestiae natus excepturi.', 'In enim unde consequuntur molestiae sunt minus eos. Sint natus similique sit. Magni dolor assumenda voluptatum aperiam ipsum hic.', 'perferendis', '1988-08-17', 10, 4, NULL, NULL),
(99, 'Quia dolore vitae quasi quod qui.', 'Veniam perferendis facilis voluptatem unde ut. Ad rerum quia distinctio dolorem reprehenderit est tempora saepe.', 'nam consequatur', '2007-03-25', 9, 2, NULL, NULL),
(100, 'Laboriosam est ad aut nesciunt necessitatibus.', 'Rerum sit maxime numquam laudantium nemo. Repellendus omnis autem voluptatem officiis facere. Explicabo eaque dolor ut sunt non velit facere. Consectetur nihil qui et enim nemo facilis qui. Ut in fuga non et vel.', 'ut', '1994-09-17', 5, 1, NULL, NULL),
(101, 'O', 'o', '0', '2022-04-27', 1, 1, '2022-04-27 16:44:26', '2022-04-27 16:44:26');

-- --------------------------------------------------------

--
-- Structure de la table `parametres`
--

DROP TABLE IF EXISTS `parametres`;
CREATE TABLE IF NOT EXISTS `parametres` (
  `id` bigint(20) UNSIGNED NOT NULL AUTO_INCREMENT,
  `keyval` varchar(191) COLLATE utf8mb4_unicode_ci DEFAULT NULL,
  `dataval` varchar(191) COLLATE utf8mb4_unicode_ci DEFAULT NULL,
  `updated_by` int(10) UNSIGNED DEFAULT NULL,
  `created_by` int(10) UNSIGNED DEFAULT NULL,
  `updated` tinyint(1) DEFAULT NULL,
  `created_at` timestamp NULL DEFAULT NULL,
  `updated_at` timestamp NULL DEFAULT NULL,
  PRIMARY KEY (`id`),
  UNIQUE KEY `parametres_keyval_unique` (`keyval`)
) ENGINE=MyISAM AUTO_INCREMENT=2 DEFAULT CHARSET=utf8mb4 COLLATE=utf8mb4_unicode_ci;

--
-- Déchargement des données de la table `parametres`
--

INSERT INTO `parametres` (`id`, `keyval`, `dataval`, `updated_by`, `created_by`, `updated`, `created_at`, `updated_at`) VALUES
(1, 'URL', 'http://51.178.18.128:8000/api/BkDataUpdated/3006', NULL, NULL, NULL, NULL, NULL);

-- --------------------------------------------------------

--
-- Structure de la table `password_resets`
--

DROP TABLE IF EXISTS `password_resets`;
CREATE TABLE IF NOT EXISTS `password_resets` (
  `email` varchar(191) COLLATE utf8mb4_unicode_ci NOT NULL,
  `token` varchar(191) COLLATE utf8mb4_unicode_ci NOT NULL,
  `created_at` timestamp NULL DEFAULT NULL,
  KEY `password_resets_email_index` (`email`)
) ENGINE=MyISAM DEFAULT CHARSET=utf8mb4 COLLATE=utf8mb4_unicode_ci;

-- --------------------------------------------------------

--
-- Structure de la table `permissions`
--

DROP TABLE IF EXISTS `permissions`;
CREATE TABLE IF NOT EXISTS `permissions` (
  `id` bigint(20) UNSIGNED NOT NULL AUTO_INCREMENT,
  `name` varchar(191) COLLATE utf8mb4_unicode_ci NOT NULL,
  `guard_name` varchar(191) COLLATE utf8mb4_unicode_ci NOT NULL,
  `created_at` timestamp NULL DEFAULT NULL,
  `updated_at` timestamp NULL DEFAULT NULL,
  PRIMARY KEY (`id`)
) ENGINE=MyISAM AUTO_INCREMENT=31 DEFAULT CHARSET=utf8mb4 COLLATE=utf8mb4_unicode_ci;

--
-- Déchargement des données de la table `permissions`
--

INSERT INTO `permissions` (`id`, `name`, `guard_name`, `created_at`, `updated_at`) VALUES
(1, 'browse bread 1', 'api', '2022-04-20 09:57:04', '2022-04-20 09:57:04'),
(2, 'read bread 1', 'api', '2022-04-20 09:57:04', '2022-04-20 09:57:04'),
(3, 'edit bread 1', 'api', '2022-04-20 09:57:04', '2022-04-20 09:57:04'),
(4, 'add bread 1', 'api', '2022-04-20 09:57:04', '2022-04-20 09:57:04'),
(5, 'delete bread 1', 'api', '2022-04-20 09:57:04', '2022-04-20 09:57:04'),
(6, 'browse bread 2', 'api', '2022-04-20 11:00:33', '2022-04-20 11:00:33'),
(7, 'read bread 2', 'api', '2022-04-20 11:00:33', '2022-04-20 11:00:33'),
(8, 'edit bread 2', 'api', '2022-04-20 11:00:33', '2022-04-20 11:00:33'),
(9, 'add bread 2', 'api', '2022-04-20 11:00:33', '2022-04-20 11:00:33'),
(10, 'delete bread 2', 'api', '2022-04-20 11:00:33', '2022-04-20 11:00:33'),
(11, 'browse bread 3', 'api', '2022-04-20 11:50:49', '2022-04-20 11:50:49'),
(12, 'read bread 3', 'api', '2022-04-20 11:50:49', '2022-04-20 11:50:49'),
(13, 'edit bread 3', 'api', '2022-04-20 11:50:49', '2022-04-20 11:50:49'),
(14, 'add bread 3', 'api', '2022-04-20 11:50:49', '2022-04-20 11:50:49'),
(15, 'delete bread 3', 'api', '2022-04-20 11:50:49', '2022-04-20 11:50:49'),
(16, 'browse bread 4', 'api', '2022-04-20 12:17:21', '2022-04-20 12:17:21'),
(17, 'read bread 4', 'api', '2022-04-20 12:17:21', '2022-04-20 12:17:21'),
(18, 'edit bread 4', 'api', '2022-04-20 12:17:21', '2022-04-20 12:17:21'),
(19, 'add bread 4', 'api', '2022-04-20 12:17:21', '2022-04-20 12:17:21'),
(20, 'delete bread 4', 'api', '2022-04-20 12:17:21', '2022-04-20 12:17:21'),
(21, 'browse bread 5', 'api', '2022-04-25 12:40:10', '2022-04-25 12:40:10'),
(22, 'read bread 5', 'api', '2022-04-25 12:40:10', '2022-04-25 12:40:10'),
(23, 'edit bread 5', 'api', '2022-04-25 12:40:10', '2022-04-25 12:40:10'),
(24, 'add bread 5', 'api', '2022-04-25 12:40:10', '2022-04-25 12:40:10'),
(25, 'delete bread 5', 'api', '2022-04-25 12:40:10', '2022-04-25 12:40:10'),
(26, 'browse bread 6', 'api', '2022-05-10 08:46:57', '2022-05-10 08:46:57'),
(27, 'read bread 6', 'api', '2022-05-10 08:46:57', '2022-05-10 08:46:57'),
(28, 'edit bread 6', 'api', '2022-05-10 08:46:57', '2022-05-10 08:46:57'),
(29, 'add bread 6', 'api', '2022-05-10 08:46:57', '2022-05-10 08:46:57'),
(30, 'delete bread 6', 'api', '2022-05-10 08:46:57', '2022-05-10 08:46:57');

-- --------------------------------------------------------

--
-- Structure de la table `planification_familiales`
--

DROP TABLE IF EXISTS `planification_familiales`;
CREATE TABLE IF NOT EXISTS `planification_familiales` (
  `id` bigint(20) UNSIGNED NOT NULL AUTO_INCREMENT,
  `region_id` int(10) UNSIGNED NOT NULL,
  `province_id` int(10) UNSIGNED NOT NULL,
  `commune_id` int(10) UNSIGNED NOT NULL,
  `district_id` int(10) UNSIGNED NOT NULL,
  `formation_sanitaire_id` int(10) UNSIGNED NOT NULL,
  `annee` int(10) UNSIGNED NOT NULL,
  `mois` int(10) UNSIGNED NOT NULL,
  `type_utilisatrices` varchar(191) COLLATE utf8mb4_unicode_ci DEFAULT NULL,
  `NbPillule_COC` varchar(191) COLLATE utf8mb4_unicode_ci DEFAULT NULL,
  `NbPillule_COP` varchar(191) COLLATE utf8mb4_unicode_ci DEFAULT NULL,
  `NbDMPlule_IM` varchar(191) COLLATE utf8mb4_unicode_ci DEFAULT NULL,
  `NbDMPA_IM` varchar(191) COLLATE utf8mb4_unicode_ci DEFAULT NULL,
  `NbImplant_5ans` varchar(191) COLLATE utf8mb4_unicode_ci DEFAULT NULL,
  `NbImplant_3ans` varchar(191) COLLATE utf8mb4_unicode_ci DEFAULT NULL,
  `NbDIU` varchar(191) COLLATE utf8mb4_unicode_ci DEFAULT NULL,
  `NbPreservatif_Masculin` varchar(191) COLLATE utf8mb4_unicode_ci DEFAULT NULL,
  `NbPreservatif_Feminin` varchar(191) COLLATE utf8mb4_unicode_ci DEFAULT NULL,
  `NbLigature` varchar(191) COLLATE utf8mb4_unicode_ci DEFAULT NULL,
  `NbVasectomie` varchar(191) COLLATE utf8mb4_unicode_ci DEFAULT NULL,
  `NbCollier_Cycle` varchar(191) COLLATE utf8mb4_unicode_ci DEFAULT NULL,
  `NbMethode_maman` varchar(191) COLLATE utf8mb4_unicode_ci DEFAULT NULL,
  `updated_by` int(10) UNSIGNED DEFAULT NULL,
  `created_by` int(10) UNSIGNED DEFAULT NULL,
  `updated` tinyint(1) DEFAULT 0,
  `created_at` timestamp NULL DEFAULT NULL,
  `updated_at` timestamp NULL DEFAULT NULL,
  PRIMARY KEY (`id`)
) ENGINE=MyISAM DEFAULT CHARSET=utf8mb4 COLLATE=utf8mb4_unicode_ci;

-- --------------------------------------------------------

--
-- Structure de la table `post_primaires`
--

DROP TABLE IF EXISTS `post_primaires`;
CREATE TABLE IF NOT EXISTS `post_primaires` (
  `id` bigint(20) UNSIGNED NOT NULL AUTO_INCREMENT,
  `annee` int(10) UNSIGNED NOT NULL,
  `trimestre` int(10) UNSIGNED NOT NULL,
  `n_ordre` varchar(191) COLLATE utf8mb4_unicode_ci DEFAULT NULL,
  `region_id` int(10) UNSIGNED NOT NULL,
  `province_id` int(10) UNSIGNED NOT NULL,
  `commune_id` int(10) UNSIGNED NOT NULL,
  `ceb` varchar(191) COLLATE utf8mb4_unicode_ci DEFAULT NULL,
  `nom_structure` varchar(191) COLLATE utf8mb4_unicode_ci DEFAULT NULL,
  `statut` varchar(191) COLLATE utf8mb4_unicode_ci DEFAULT NULL,
  `type` varchar(191) COLLATE utf8mb4_unicode_ci DEFAULT NULL,
  `NbTotalSalleActivite` int(10) UNSIGNED DEFAULT NULL,
  `NbGarcon_6e` int(10) UNSIGNED DEFAULT NULL,
  `NbGarconMoyenne_6e` int(10) UNSIGNED DEFAULT NULL,
  `NbGarconAbandon_6e` int(10) UNSIGNED DEFAULT NULL,
  `NbGarcon_5e` int(10) UNSIGNED DEFAULT NULL,
  `NbGarconMoyenne_5e` int(10) UNSIGNED DEFAULT NULL,
  `NbGarconAbandon_5e` int(10) UNSIGNED DEFAULT NULL,
  `NbGarcon_4e` int(10) UNSIGNED DEFAULT NULL,
  `NbGarconMoyenne_4e` int(10) UNSIGNED DEFAULT NULL,
  `NbGarconAbandon_4e` int(10) UNSIGNED DEFAULT NULL,
  `NbGarcon_3e` int(10) UNSIGNED DEFAULT NULL,
  `NbGarconMoyenne_3e` int(10) UNSIGNED DEFAULT NULL,
  `NbGarconAbandon_3e` int(10) UNSIGNED DEFAULT NULL,
  `NbTotalGarcon` int(10) UNSIGNED DEFAULT NULL,
  `NbTotalGarconMoyenne` int(10) UNSIGNED DEFAULT NULL,
  `NbTotalGarconAbandon` int(10) UNSIGNED DEFAULT NULL,
  `NbGarcon_PDI` int(10) UNSIGNED DEFAULT NULL,
  `NbGarconMoyenne_PDI` int(10) UNSIGNED DEFAULT NULL,
  `NbGarconAbandon_PDI` int(10) UNSIGNED DEFAULT NULL,
  `NbFille_6e` int(10) UNSIGNED DEFAULT NULL,
  `NbFilleMoyenne_6e` int(10) UNSIGNED DEFAULT NULL,
  `NbFilleAbandon_6e` int(10) UNSIGNED DEFAULT NULL,
  `NbFilleEnceinte_6e` int(10) UNSIGNED DEFAULT NULL,
  `NbFille_5e` int(10) UNSIGNED DEFAULT NULL,
  `NbFilleMoyenne_5e` int(10) UNSIGNED DEFAULT NULL,
  `NbFilleAbandon_5e` int(10) UNSIGNED DEFAULT NULL,
  `NbFilleEnceinte_5e` int(10) UNSIGNED DEFAULT NULL,
  `NbFille_4e` int(10) UNSIGNED DEFAULT NULL,
  `NbFilleMoyenne_4e` int(10) UNSIGNED DEFAULT NULL,
  `NbFilleAbandon_4e` int(10) UNSIGNED DEFAULT NULL,
  `NbFilleEnceinte_4e` int(10) UNSIGNED DEFAULT NULL,
  `NbFille_3e` int(10) UNSIGNED DEFAULT NULL,
  `NbFilleMoyenne_3e` int(10) UNSIGNED DEFAULT NULL,
  `NbFilleAbandon_3e` int(10) UNSIGNED DEFAULT NULL,
  `NbFilleEnceinte_3e` int(10) UNSIGNED DEFAULT NULL,
  `NbTotalFille` int(10) UNSIGNED DEFAULT NULL,
  `NbTotalFilleMoyenne` int(10) UNSIGNED DEFAULT NULL,
  `NbTotalFilleAbandon` int(10) UNSIGNED DEFAULT NULL,
  `NbTotalFilleEnceinte` int(10) UNSIGNED DEFAULT NULL,
  `NbFille_PDI` int(10) UNSIGNED DEFAULT NULL,
  `NbFilleMoyenne_PDI` int(10) UNSIGNED DEFAULT NULL,
  `NbFilleAbandon_PDI` int(10) UNSIGNED DEFAULT NULL,
  `NbFilleEnceinte_PDI` int(10) UNSIGNED DEFAULT NULL,
  `NbHomme_Francais` int(10) UNSIGNED DEFAULT NULL,
  `NbHommeVacataire_Francais` int(10) UNSIGNED DEFAULT NULL,
  `NbHomme_Anglais` int(10) UNSIGNED DEFAULT NULL,
  `NbHommeVacataire_Anglais` int(10) UNSIGNED DEFAULT NULL,
  `NbHomme_Allemand` int(10) UNSIGNED DEFAULT NULL,
  `NbHommeVacataire_Allemand` int(10) UNSIGNED DEFAULT NULL,
  `NbHomme_HisGeo` int(10) UNSIGNED DEFAULT NULL,
  `NbHommeVacataire_HisGeo` int(10) UNSIGNED DEFAULT NULL,
  `NbHomme_SVT` int(10) UNSIGNED DEFAULT NULL,
  `NbHommeVacataire_SVT` int(10) UNSIGNED DEFAULT NULL,
  `NbHomme_PC` int(10) UNSIGNED DEFAULT NULL,
  `NbHommeVacataire_PC` int(10) UNSIGNED DEFAULT NULL,
  `NbHomme_Math` int(10) UNSIGNED DEFAULT NULL,
  `NbHommeVacataire_Math` int(10) UNSIGNED DEFAULT NULL,
  `NbHomme_EPS` int(10) UNSIGNED DEFAULT NULL,
  `NbHommeVacataire_EPS` int(10) UNSIGNED DEFAULT NULL,
  `NbTotalEnseignantHomme` int(10) UNSIGNED DEFAULT NULL,
  `NbTotalEnseignantHommeVacataire` int(10) UNSIGNED DEFAULT NULL,
  `NbEnseignantHommeRedeployes` int(10) UNSIGNED DEFAULT NULL,
  `NbEnseignantHommeRedeployesVacataire` int(10) UNSIGNED DEFAULT NULL,
  `NbEnseignantHommeVolontaire` int(10) UNSIGNED DEFAULT NULL,
  `NbFemme_Francais` int(10) UNSIGNED DEFAULT NULL,
  `NbFemmeVacataire_Francais` int(10) UNSIGNED DEFAULT NULL,
  `NbFemme_Anglais` int(10) UNSIGNED DEFAULT NULL,
  `NbFemmeVacataire_Anglais` int(10) UNSIGNED DEFAULT NULL,
  `NbFemme_Allemand` int(10) UNSIGNED DEFAULT NULL,
  `NbFemmeVacataire_Allemand` int(10) UNSIGNED DEFAULT NULL,
  `NbFemme_HisGeo` int(10) UNSIGNED DEFAULT NULL,
  `NbFemmeVacataire_HisGeo` int(10) UNSIGNED DEFAULT NULL,
  `NbFemme_SVT` int(10) UNSIGNED DEFAULT NULL,
  `NbFemmeVacataire_SVT` int(10) UNSIGNED DEFAULT NULL,
  `NbFemme_PC` int(10) UNSIGNED DEFAULT NULL,
  `NbFemmeVacataire_PC` int(10) UNSIGNED DEFAULT NULL,
  `NbFemme_Math` int(10) UNSIGNED DEFAULT NULL,
  `NbFemmeVacataire_Math` int(10) UNSIGNED DEFAULT NULL,
  `NbFemme_EPS` int(10) UNSIGNED DEFAULT NULL,
  `NbFemmeVacataire_EPS` int(10) UNSIGNED DEFAULT NULL,
  `NbTotalEnseignantFemme` int(10) UNSIGNED DEFAULT NULL,
  `NbTotalEnseignantFemmeVacataire` int(10) UNSIGNED DEFAULT NULL,
  `NbEnseignantFemmeRedeployes` int(10) UNSIGNED DEFAULT NULL,
  `NbEnseignantFemmeRedeployesVacataire` int(10) UNSIGNED DEFAULT NULL,
  `NbEnseignantFemmeVolontaire` int(10) UNSIGNED DEFAULT NULL,
  `ExistenceEspacesRecreatif` tinyint(1) DEFAULT NULL,
  `ExistenceDispositifHygiene` tinyint(1) DEFAULT NULL,
  `ExistenceCantine` tinyint(1) DEFAULT NULL,
  `SourceDotationEtat` tinyint(1) DEFAULT NULL,
  `SourceDotationPartenaire` tinyint(1) DEFAULT NULL,
  `SourceDotationEndogene` tinyint(1) DEFAULT NULL,
  `updated_by` int(10) UNSIGNED DEFAULT NULL,
  `created_by` int(10) UNSIGNED DEFAULT NULL,
  `updated` tinyint(1) DEFAULT 0,
  `created_at` timestamp NULL DEFAULT NULL,
  `updated_at` timestamp NULL DEFAULT NULL,
  PRIMARY KEY (`id`)
) ENGINE=MyISAM DEFAULT CHARSET=utf8mb4 COLLATE=utf8mb4_unicode_ci;

-- --------------------------------------------------------

--
-- Structure de la table `pre_scolaires`
--

DROP TABLE IF EXISTS `pre_scolaires`;
CREATE TABLE IF NOT EXISTS `pre_scolaires` (
  `id` bigint(20) UNSIGNED NOT NULL AUTO_INCREMENT,
  `annee` int(10) UNSIGNED NOT NULL,
  `trimestre` int(10) UNSIGNED NOT NULL,
  `n_ordre` varchar(191) COLLATE utf8mb4_unicode_ci DEFAULT NULL,
  `region_id` int(10) UNSIGNED NOT NULL,
  `province_id` int(10) UNSIGNED NOT NULL,
  `commune_id` int(10) UNSIGNED NOT NULL,
  `ceb` varchar(191) COLLATE utf8mb4_unicode_ci DEFAULT NULL,
  `nom_structure` varchar(191) COLLATE utf8mb4_unicode_ci DEFAULT NULL,
  `statut` varchar(191) COLLATE utf8mb4_unicode_ci DEFAULT NULL,
  `systeme` varchar(191) COLLATE utf8mb4_unicode_ci DEFAULT NULL,
  `NbTotalSalleActivite` int(10) UNSIGNED DEFAULT NULL,
  `NbGarcon_PS` int(10) UNSIGNED DEFAULT NULL,
  `NbGarconAbandon_PS` int(10) UNSIGNED DEFAULT NULL,
  `NbGarcon_MS` int(10) UNSIGNED DEFAULT NULL,
  `NbGarconAbandon_MS` int(10) UNSIGNED DEFAULT NULL,
  `NbGarcon_GS` int(10) UNSIGNED DEFAULT NULL,
  `NbGarconAbandon_GS` int(10) UNSIGNED DEFAULT NULL,
  `NbTotalGarcon` int(10) UNSIGNED DEFAULT NULL,
  `NbTotalGarconAbandon` int(10) UNSIGNED DEFAULT NULL,
  `NbGarcon_PDI` int(10) UNSIGNED DEFAULT NULL,
  `NbGarconAbandon_PDI` int(10) UNSIGNED DEFAULT NULL,
  `NbFille_PS` int(10) UNSIGNED DEFAULT NULL,
  `NbFilleAbandon_PS` int(10) UNSIGNED DEFAULT NULL,
  `NbFille_MS` int(10) UNSIGNED DEFAULT NULL,
  `NbFilleAbandon_MS` int(10) UNSIGNED DEFAULT NULL,
  `NbFille_GS` int(10) UNSIGNED DEFAULT NULL,
  `NbFilleAbandon_GS` int(10) UNSIGNED DEFAULT NULL,
  `NbTotalFille` int(10) UNSIGNED DEFAULT NULL,
  `NbTotalFilleAbandon` int(10) UNSIGNED DEFAULT NULL,
  `NbFille_PDI` int(10) UNSIGNED DEFAULT NULL,
  `NbFilleAbandon_PDI` int(10) UNSIGNED DEFAULT NULL,
  `NbTotalEnseignantHomme` int(10) UNSIGNED DEFAULT NULL,
  `NbTotalEnseignantFemme` int(10) UNSIGNED DEFAULT NULL,
  `NbEnseignantHommeRedeployes` int(10) UNSIGNED DEFAULT NULL,
  `NbEnseignantFemmeRedeployes` int(10) UNSIGNED DEFAULT NULL,
  `NbEnseignantHommeVolontaire` int(10) UNSIGNED DEFAULT NULL,
  `NbEnseignantFemmeVolontaire` int(10) UNSIGNED DEFAULT NULL,
  `ExistenceEspacesRecreatif` tinyint(1) DEFAULT NULL,
  `ExistenceDispositifHygiene` tinyint(1) DEFAULT NULL,
  `ExistenceCantine` tinyint(1) DEFAULT NULL,
  `SourceDotationEtat` tinyint(1) DEFAULT NULL,
  `SourceDotationPartenaire` tinyint(1) DEFAULT NULL,
  `SourceDotationEndogene` tinyint(1) DEFAULT NULL,
  `updated_by` int(10) UNSIGNED DEFAULT NULL,
  `created_by` int(10) UNSIGNED DEFAULT NULL,
  `updated` tinyint(1) DEFAULT 0,
  `created_at` timestamp NULL DEFAULT NULL,
  `updated_at` timestamp NULL DEFAULT NULL,
  PRIMARY KEY (`id`)
) ENGINE=MyISAM DEFAULT CHARSET=utf8mb4 COLLATE=utf8mb4_unicode_ci;

-- --------------------------------------------------------

--
-- Structure de la table `primaires`
--

DROP TABLE IF EXISTS `primaires`;
CREATE TABLE IF NOT EXISTS `primaires` (
  `id` bigint(20) UNSIGNED NOT NULL AUTO_INCREMENT,
  `annee` int(10) UNSIGNED NOT NULL,
  `trimestre` int(10) UNSIGNED NOT NULL,
  `n_ordre` varchar(191) COLLATE utf8mb4_unicode_ci DEFAULT NULL,
  `region_id` int(10) UNSIGNED NOT NULL,
  `province_id` int(10) UNSIGNED NOT NULL,
  `commune_id` int(10) UNSIGNED NOT NULL,
  `ceb` varchar(191) COLLATE utf8mb4_unicode_ci DEFAULT NULL,
  `nom_structure` varchar(191) COLLATE utf8mb4_unicode_ci DEFAULT NULL,
  `statut` varchar(191) COLLATE utf8mb4_unicode_ci DEFAULT NULL,
  `type` varchar(191) COLLATE utf8mb4_unicode_ci DEFAULT NULL,
  `NbTotalSalleActivite` int(10) UNSIGNED DEFAULT NULL,
  `NbGarcon_CP1` int(10) UNSIGNED DEFAULT NULL,
  `NbGarconMoyenne_CP1` int(10) UNSIGNED DEFAULT NULL,
  `NbGarconAbandon_CP1` int(10) UNSIGNED DEFAULT NULL,
  `NbGarcon_CP2` int(10) UNSIGNED DEFAULT NULL,
  `NbGarconMoyenne_CP2` int(10) UNSIGNED DEFAULT NULL,
  `NbGarconAbandon_CP2` int(10) UNSIGNED DEFAULT NULL,
  `NbGarcon_CE1` int(10) UNSIGNED DEFAULT NULL,
  `NbGarconMoyenne_CE1` int(10) UNSIGNED DEFAULT NULL,
  `NbGarconAbandon_CE1` int(10) UNSIGNED DEFAULT NULL,
  `NbGarcon_CE2` int(10) UNSIGNED DEFAULT NULL,
  `NbGarconMoyenne_CE2` int(10) UNSIGNED DEFAULT NULL,
  `NbGarconAbandon_CE2` int(10) UNSIGNED DEFAULT NULL,
  `NbGarcon_CM1` int(10) UNSIGNED DEFAULT NULL,
  `NbGarconMoyenne_CM1` int(10) UNSIGNED DEFAULT NULL,
  `NbGarconAbandon_CM1` int(10) UNSIGNED DEFAULT NULL,
  `NbGarcon_CM2` int(10) UNSIGNED DEFAULT NULL,
  `NbGarconMoyenne_CM2` int(10) UNSIGNED DEFAULT NULL,
  `NbGarconAbandon_CM2` int(10) UNSIGNED DEFAULT NULL,
  `NbTotalGarcon` int(10) UNSIGNED DEFAULT NULL,
  `NbTotalGarconMoyenne` int(10) UNSIGNED DEFAULT NULL,
  `NbTotalGarconAbandon` int(10) UNSIGNED DEFAULT NULL,
  `NbGarcon_PDI` int(10) UNSIGNED DEFAULT NULL,
  `NbGarconMoyenne_PDI` int(10) UNSIGNED DEFAULT NULL,
  `NbGarconAbandon_PDI` int(10) UNSIGNED DEFAULT NULL,
  `NbFille_CP1` int(10) UNSIGNED DEFAULT NULL,
  `NbFilleMoyenne_CP1` int(10) UNSIGNED DEFAULT NULL,
  `NbFilleAbandon_CP1` int(10) UNSIGNED DEFAULT NULL,
  `NbFille_CP2` int(10) UNSIGNED DEFAULT NULL,
  `NbFilleMoyenne_CP2` int(10) UNSIGNED DEFAULT NULL,
  `NbFilleAbandon_CP2` int(10) UNSIGNED DEFAULT NULL,
  `NbFille_CE1` int(10) UNSIGNED DEFAULT NULL,
  `NbFilleMoyenne_CE1` int(10) UNSIGNED DEFAULT NULL,
  `NbFilleAbandon_CE1` int(10) UNSIGNED DEFAULT NULL,
  `NbFille_CE2` int(10) UNSIGNED DEFAULT NULL,
  `NbFilleMoyenne_CE2` int(10) UNSIGNED DEFAULT NULL,
  `NbFilleAbandon_CE2` int(10) UNSIGNED DEFAULT NULL,
  `NbFille_CM1` int(10) UNSIGNED DEFAULT NULL,
  `NbFilleMoyenne_CM1` int(10) UNSIGNED DEFAULT NULL,
  `NbFilleAbandon_CM1` int(10) UNSIGNED DEFAULT NULL,
  `NbFille_CM2` int(10) UNSIGNED DEFAULT NULL,
  `NbFilleMoyenne_CM2` int(10) UNSIGNED DEFAULT NULL,
  `NbFilleAbandon_CM2` int(10) UNSIGNED DEFAULT NULL,
  `NbTotalFille` int(10) UNSIGNED DEFAULT NULL,
  `NbTotalFilleMoyenne` int(10) UNSIGNED DEFAULT NULL,
  `NbTotalFilleAbandon` int(10) UNSIGNED DEFAULT NULL,
  `NbFille_PDI` int(10) UNSIGNED DEFAULT NULL,
  `NbFilleMoyenne_PDI` int(10) UNSIGNED DEFAULT NULL,
  `NbFilleAbandon_PDI` int(10) UNSIGNED DEFAULT NULL,
  `NbTotalEnseignantHomme` int(10) UNSIGNED DEFAULT NULL,
  `NbTotalEnseignantFemme` int(10) UNSIGNED DEFAULT NULL,
  `NbEnseignantHommeRedeployes` int(10) UNSIGNED DEFAULT NULL,
  `NbEnseignantFemmeRedeployes` int(10) UNSIGNED DEFAULT NULL,
  `NbEnseignantHommeVolontaire` int(10) UNSIGNED DEFAULT NULL,
  `NbEnseignantFemmeVolontaire` int(10) UNSIGNED DEFAULT NULL,
  `ExistenceEspacesRecreatif` tinyint(1) DEFAULT NULL,
  `ExistenceDispositifHygiene` tinyint(1) DEFAULT NULL,
  `ExistenceCantine` tinyint(1) DEFAULT NULL,
  `SourceDotationEtat` tinyint(1) DEFAULT NULL,
  `SourceDotationPartenaire` tinyint(1) DEFAULT NULL,
  `SourceDotationEndogene` tinyint(1) DEFAULT NULL,
  `updated` tinyint(1) DEFAULT 0,
  `updated_by` int(10) UNSIGNED DEFAULT NULL,
  `created_by` int(10) UNSIGNED DEFAULT NULL,
  `created_at` timestamp NULL DEFAULT NULL,
  `updated_at` timestamp NULL DEFAULT NULL,
  PRIMARY KEY (`id`)
) ENGINE=MyISAM DEFAULT CHARSET=utf8mb4 COLLATE=utf8mb4_unicode_ci;

-- --------------------------------------------------------

--
-- Structure de la table `professions`
--

DROP TABLE IF EXISTS `professions`;
CREATE TABLE IF NOT EXISTS `professions` (
  `id` bigint(20) UNSIGNED NOT NULL AUTO_INCREMENT,
  `metier` varchar(191) COLLATE utf8mb4_unicode_ci NOT NULL,
  `users_id` int(10) UNSIGNED NOT NULL,
  `updated` tinyint(1) DEFAULT 0,
  `created_at` timestamp NULL DEFAULT NULL,
  `updated_at` timestamp NULL DEFAULT NULL,
  PRIMARY KEY (`id`)
) ENGINE=MyISAM AUTO_INCREMENT=4 DEFAULT CHARSET=utf8mb4 COLLATE=utf8mb4_unicode_ci;

--
-- Déchargement des données de la table `professions`
--

INSERT INTO `professions` (`id`, `metier`, `users_id`, `updated`, `created_at`, `updated_at`) VALUES
(1, 'Enseignants', 1, 0, '2022-04-25 17:55:42', '2022-04-27 09:42:29'),
(2, 'Agriculteur', 1, 0, '2022-07-06 13:06:02', '2022-07-06 13:06:02'),
(3, 'CAISSIER(E)', 38, 0, '2022-07-14 13:06:44', '2022-07-14 13:06:44');

-- --------------------------------------------------------

--
-- Structure de la table `provinces`
--

DROP TABLE IF EXISTS `provinces`;
CREATE TABLE IF NOT EXISTS `provinces` (
  `id` bigint(20) UNSIGNED NOT NULL AUTO_INCREMENT,
  `code` varchar(191) COLLATE utf8mb4_unicode_ci NOT NULL,
  `region_id` varchar(191) COLLATE utf8mb4_unicode_ci NOT NULL,
  `province` varchar(191) COLLATE utf8mb4_unicode_ci NOT NULL,
  `cheflieu` varchar(191) COLLATE utf8mb4_unicode_ci DEFAULT NULL,
  `lon` varchar(191) COLLATE utf8mb4_unicode_ci DEFAULT NULL,
  `lat` varchar(191) COLLATE utf8mb4_unicode_ci DEFAULT NULL,
  `users_id` int(10) UNSIGNED NOT NULL,
  `updated` tinyint(1) DEFAULT 0,
  `created_at` timestamp NULL DEFAULT NULL,
  `updated_at` timestamp NULL DEFAULT NULL,
  PRIMARY KEY (`id`)
) ENGINE=MyISAM AUTO_INCREMENT=31 DEFAULT CHARSET=utf8mb4 COLLATE=utf8mb4_unicode_ci;

--
-- Déchargement des données de la table `provinces`
--

INSERT INTO `provinces` (`id`, `code`, `region_id`, `province`, `cheflieu`, `lon`, `lat`, `users_id`, `updated`, `created_at`, `updated_at`) VALUES
(22, '01', '6', 'SANGUIE', 'REO', NULL, NULL, 1, 0, '2022-04-25 16:11:30', '2022-05-03 10:03:12'),
(30, '02', '7', 'ZOUNDWEOGO', 'MANGA', '1', '2', 1, 0, '2022-04-25 16:43:08', '2022-05-03 10:02:49');

-- --------------------------------------------------------

--
-- Structure de la table `ptmes`
--

DROP TABLE IF EXISTS `ptmes`;
CREATE TABLE IF NOT EXISTS `ptmes` (
  `id` bigint(20) UNSIGNED NOT NULL AUTO_INCREMENT,
  `region_id` int(10) UNSIGNED NOT NULL,
  `province_id` int(10) UNSIGNED NOT NULL,
  `commune_id` int(10) UNSIGNED NOT NULL,
  `district_id` int(10) UNSIGNED NOT NULL,
  `formation_sanitaire_id` int(10) UNSIGNED NOT NULL,
  `annee` int(10) UNSIGNED NOT NULL,
  `mois` int(10) UNSIGNED NOT NULL,
  `NbFemmeEnceinte_VIHPositif_CPN1` varchar(191) COLLATE utf8mb4_unicode_ci DEFAULT NULL,
  `NbFemmeVueCPN_TestVIH` varchar(191) COLLATE utf8mb4_unicode_ci DEFAULT NULL,
  `NbFemmeVueCPN_TestVIH_Positif` varchar(191) COLLATE utf8mb4_unicode_ci DEFAULT NULL,
  `updated_by` int(10) UNSIGNED DEFAULT NULL,
  `created_by` int(10) UNSIGNED DEFAULT NULL,
  `updated` tinyint(1) DEFAULT 0,
  `created_at` timestamp NULL DEFAULT NULL,
  `updated_at` timestamp NULL DEFAULT NULL,
  PRIMARY KEY (`id`)
) ENGINE=MyISAM DEFAULT CHARSET=utf8mb4 COLLATE=utf8mb4_unicode_ci;

-- --------------------------------------------------------

--
-- Structure de la table `regions`
--

DROP TABLE IF EXISTS `regions`;
CREATE TABLE IF NOT EXISTS `regions` (
  `id` bigint(20) UNSIGNED NOT NULL AUTO_INCREMENT,
  `code` varchar(191) COLLATE utf8mb4_unicode_ci DEFAULT NULL,
  `region` varchar(191) COLLATE utf8mb4_unicode_ci NOT NULL,
  `users_id` int(10) UNSIGNED NOT NULL,
  `updated_by` int(10) UNSIGNED DEFAULT NULL,
  `created_by` int(10) UNSIGNED DEFAULT NULL,
  `updated` tinyint(1) DEFAULT 0,
  `created_at` timestamp NULL DEFAULT NULL,
  `updated_at` timestamp NULL DEFAULT NULL,
  PRIMARY KEY (`id`)
) ENGINE=MyISAM AUTO_INCREMENT=8 DEFAULT CHARSET=utf8mb4 COLLATE=utf8mb4_unicode_ci;

--
-- Déchargement des données de la table `regions`
--

INSERT INTO `regions` (`id`, `code`, `region`, `users_id`, `updated_by`, `created_by`, `updated`, `created_at`, `updated_at`) VALUES
(6, '1', 'CENTRE-OUEST', 1, NULL, NULL, 0, '2022-04-25 13:42:29', '2022-04-25 13:49:09'),
(7, '2', 'CENTRE-SUD', 1, NULL, NULL, 0, '2022-04-25 13:50:06', '2022-04-25 13:50:06');

-- --------------------------------------------------------

--
-- Structure de la table `roles`
--

DROP TABLE IF EXISTS `roles`;
CREATE TABLE IF NOT EXISTS `roles` (
  `id` bigint(20) UNSIGNED NOT NULL AUTO_INCREMENT,
  `name` varchar(191) COLLATE utf8mb4_unicode_ci NOT NULL,
  `guard_name` varchar(191) COLLATE utf8mb4_unicode_ci NOT NULL,
  `created_at` timestamp NULL DEFAULT NULL,
  `updated_at` timestamp NULL DEFAULT NULL,
  PRIMARY KEY (`id`)
) ENGINE=MyISAM AUTO_INCREMENT=10 DEFAULT CHARSET=utf8mb4 COLLATE=utf8mb4_unicode_ci;

--
-- Déchargement des données de la table `roles`
--

INSERT INTO `roles` (`id`, `name`, `guard_name`, `created_at`, `updated_at`) VALUES
(1, 'admin', 'api', '2022-04-20 09:57:03', '2022-04-20 09:57:03'),
(2, 'user', 'api', '2022-04-20 09:57:03', '2022-04-20 09:57:03'),
(3, 'guest', 'api', '2022-04-20 09:57:03', '2022-04-20 09:57:03'),
(4, 'ajouter', 'api', '2022-06-07 16:25:43', '2022-06-07 16:25:43'),
(5, 'modifier', 'api', '2022-06-07 16:25:51', '2022-06-07 16:25:51'),
(6, 'supprimer', 'api', '2022-06-07 16:25:57', '2022-06-07 16:25:57'),
(7, 'exporter', 'api', '2022-06-07 16:26:03', '2022-06-07 16:26:03'),
(8, 'importer', 'api', '2022-06-07 16:26:08', '2022-06-07 16:26:08'),
(9, 'default', 'api', '2022-07-03 08:21:42', '2022-07-03 08:21:42');

-- --------------------------------------------------------

--
-- Structure de la table `role_has_permissions`
--

DROP TABLE IF EXISTS `role_has_permissions`;
CREATE TABLE IF NOT EXISTS `role_has_permissions` (
  `permission_id` bigint(20) UNSIGNED NOT NULL,
  `role_id` bigint(20) UNSIGNED NOT NULL,
  PRIMARY KEY (`permission_id`,`role_id`),
  KEY `role_has_permissions_role_id_foreign` (`role_id`)
) ENGINE=MyISAM DEFAULT CHARSET=utf8mb4 COLLATE=utf8mb4_unicode_ci;

--
-- Déchargement des données de la table `role_has_permissions`
--

INSERT INTO `role_has_permissions` (`permission_id`, `role_id`) VALUES
(1, 3),
(2, 3),
(3, 3),
(4, 3),
(5, 3),
(6, 1),
(7, 1),
(8, 1),
(9, 1),
(10, 1),
(11, 1),
(12, 1),
(13, 1),
(14, 1),
(15, 1),
(16, 1),
(16, 2),
(16, 3),
(17, 1),
(17, 2),
(17, 3),
(18, 1),
(18, 2),
(18, 3),
(19, 1),
(19, 2),
(19, 3),
(20, 1),
(20, 2),
(20, 3),
(21, 1),
(21, 2),
(21, 3),
(22, 1),
(22, 2),
(22, 3),
(23, 1),
(23, 2),
(23, 3),
(24, 1),
(24, 2),
(24, 3),
(25, 1),
(25, 2),
(25, 3),
(26, 1),
(26, 2),
(26, 3),
(27, 1),
(27, 2),
(27, 3),
(28, 1),
(28, 2),
(28, 3),
(29, 1),
(29, 2),
(29, 3),
(30, 1),
(30, 2),
(30, 3);

-- --------------------------------------------------------

--
-- Structure de la table `role_hierarchy`
--

DROP TABLE IF EXISTS `role_hierarchy`;
CREATE TABLE IF NOT EXISTS `role_hierarchy` (
  `id` bigint(20) UNSIGNED NOT NULL AUTO_INCREMENT,
  `role_id` int(10) UNSIGNED NOT NULL,
  `hierarchy` int(11) NOT NULL,
  PRIMARY KEY (`id`)
) ENGINE=MyISAM AUTO_INCREMENT=10 DEFAULT CHARSET=utf8mb4 COLLATE=utf8mb4_unicode_ci;

--
-- Déchargement des données de la table `role_hierarchy`
--

INSERT INTO `role_hierarchy` (`id`, `role_id`, `hierarchy`) VALUES
(1, 1, 1),
(2, 2, 2),
(3, 3, 3),
(4, 4, 4),
(5, 5, 5),
(6, 6, 6),
(7, 7, 7),
(8, 8, 8),
(9, 9, 9);

-- --------------------------------------------------------

--
-- Structure de la table `service_curatifs`
--

DROP TABLE IF EXISTS `service_curatifs`;
CREATE TABLE IF NOT EXISTS `service_curatifs` (
  `id` bigint(20) UNSIGNED NOT NULL AUTO_INCREMENT,
  `region_id` int(10) UNSIGNED NOT NULL,
  `province_id` int(10) UNSIGNED NOT NULL,
  `commune_id` int(10) UNSIGNED NOT NULL,
  `district_id` int(10) UNSIGNED NOT NULL,
  `formation_sanitaire_id` int(10) UNSIGNED NOT NULL,
  `annee` int(10) UNSIGNED NOT NULL,
  `mois` int(10) UNSIGNED NOT NULL,
  `NbNouveaux_consultant` varchar(191) COLLATE utf8mb4_unicode_ci DEFAULT NULL,
  `NbEnft_PrisCharge_PCIME` varchar(191) COLLATE utf8mb4_unicode_ci DEFAULT NULL,
  `NbMaladie_MisObservation` varchar(191) COLLATE utf8mb4_unicode_ci DEFAULT NULL,
  `updated_by` int(10) UNSIGNED DEFAULT NULL,
  `created_by` int(10) UNSIGNED DEFAULT NULL,
  `updated` tinyint(1) DEFAULT 0,
  `created_at` timestamp NULL DEFAULT NULL,
  `updated_at` timestamp NULL DEFAULT NULL,
  PRIMARY KEY (`id`)
) ENGINE=MyISAM DEFAULT CHARSET=utf8mb4 COLLATE=utf8mb4_unicode_ci;

-- --------------------------------------------------------

--
-- Structure de la table `status`
--

DROP TABLE IF EXISTS `status`;
CREATE TABLE IF NOT EXISTS `status` (
  `id` bigint(20) UNSIGNED NOT NULL AUTO_INCREMENT,
  `name` varchar(191) COLLATE utf8mb4_unicode_ci NOT NULL,
  `class` varchar(191) COLLATE utf8mb4_unicode_ci NOT NULL,
  PRIMARY KEY (`id`)
) ENGINE=MyISAM AUTO_INCREMENT=5 DEFAULT CHARSET=utf8mb4 COLLATE=utf8mb4_unicode_ci;

--
-- Déchargement des données de la table `status`
--

INSERT INTO `status` (`id`, `name`, `class`) VALUES
(1, 'ongoing', 'primary'),
(2, 'stopped', 'secondary'),
(3, 'completed', 'success'),
(4, 'expired', 'warning');

-- --------------------------------------------------------

--
-- Structure de la table `systeme_information_sanitaires`
--

DROP TABLE IF EXISTS `systeme_information_sanitaires`;
CREATE TABLE IF NOT EXISTS `systeme_information_sanitaires` (
  `id` bigint(20) UNSIGNED NOT NULL AUTO_INCREMENT,
  `region_id` int(10) UNSIGNED NOT NULL,
  `province_id` int(10) UNSIGNED NOT NULL,
  `commune_id` int(10) UNSIGNED NOT NULL,
  `district_id` int(10) UNSIGNED NOT NULL,
  `formation_sanitaire_id` int(10) UNSIGNED NOT NULL,
  `annee` int(10) UNSIGNED NOT NULL,
  `mois` int(10) UNSIGNED NOT NULL,
  `type_rapport` varchar(191) COLLATE utf8mb4_unicode_ci DEFAULT NULL,
  `rapport_attendu` varchar(191) COLLATE utf8mb4_unicode_ci DEFAULT NULL,
  `rapport_recu` varchar(191) COLLATE utf8mb4_unicode_ci DEFAULT NULL,
  `rapport_recu_temps` varchar(191) COLLATE utf8mb4_unicode_ci DEFAULT NULL,
  `updated_by` int(10) UNSIGNED DEFAULT NULL,
  `created_by` int(10) UNSIGNED DEFAULT NULL,
  `updated` tinyint(1) DEFAULT 0,
  `created_at` timestamp NULL DEFAULT NULL,
  `updated_at` timestamp NULL DEFAULT NULL,
  PRIMARY KEY (`id`)
) ENGINE=MyISAM DEFAULT CHARSET=utf8mb4 COLLATE=utf8mb4_unicode_ci;

-- --------------------------------------------------------

--
-- Structure de la table `users`
--

DROP TABLE IF EXISTS `users`;
CREATE TABLE IF NOT EXISTS `users` (
  `id` bigint(20) UNSIGNED NOT NULL AUTO_INCREMENT,
  `name` varchar(191) COLLATE utf8mb4_unicode_ci NOT NULL,
  `firstname` varchar(191) COLLATE utf8mb4_unicode_ci DEFAULT NULL,
  `fonction` varchar(191) COLLATE utf8mb4_unicode_ci DEFAULT NULL,
  `lieu` varchar(191) COLLATE utf8mb4_unicode_ci DEFAULT NULL,
  `tel` varchar(191) COLLATE utf8mb4_unicode_ci DEFAULT NULL,
  `email` varchar(191) COLLATE utf8mb4_unicode_ci NOT NULL,
  `email_verified_at` timestamp NULL DEFAULT NULL,
  `password` varchar(191) COLLATE utf8mb4_unicode_ci NOT NULL,
  `api_token` varchar(80) COLLATE utf8mb4_unicode_ci DEFAULT NULL,
  `menuroles` varchar(191) COLLATE utf8mb4_unicode_ci NOT NULL,
  `status` varchar(191) COLLATE utf8mb4_unicode_ci DEFAULT NULL,
  `remember_token` varchar(100) COLLATE utf8mb4_unicode_ci DEFAULT NULL,
  `created_at` timestamp NULL DEFAULT NULL,
  `updated_at` timestamp NULL DEFAULT NULL,
  `deleted_at` timestamp NULL DEFAULT NULL,
  PRIMARY KEY (`id`),
  UNIQUE KEY `users_email_unique` (`email`),
  UNIQUE KEY `users_api_token_unique` (`api_token`)
) ENGINE=MyISAM AUTO_INCREMENT=39 DEFAULT CHARSET=utf8mb4 COLLATE=utf8mb4_unicode_ci;

--
-- Déchargement des données de la table `users`
--

INSERT INTO `users` (`id`, `name`, `firstname`, `fonction`, `lieu`, `tel`, `email`, `email_verified_at`, `password`, `api_token`, `menuroles`, `status`, `remember_token`, `created_at`, `updated_at`, `deleted_at`) VALUES
(1, 'admin', NULL, NULL, NULL, NULL, 'admin@admin.com', '2022-04-20 09:57:03', '$2y$10$92IXUNpkjO0rOQ5byMi.Ye4oKoEa3Ro9llC/.og/at2.uheWG/igi', NULL, 'admin,user,exporter,importer,ajouter,modifier,supprimer', 'Active', 'jqHHu9U3Ck', '2022-04-20 09:57:03', '2022-06-09 14:13:22', NULL),
(11, 'Lue Davis', NULL, NULL, NULL, NULL, 'linwood00@example.org', '2022-04-20 09:57:03', '$2y$10$92IXUNpkjO0rOQ5byMi.Ye4oKoEa3Ro9llC/.og/at2.uheWG/igi', NULL, 'user', 'Banned', 'bMFec7MlzE', '2022-04-20 09:57:03', '2022-04-20 09:57:03', NULL),
(30, 'DAO', 'Hamadou', 'Informaticien', NULL, '+22674359156', 'daohamadou123@gmail.com', NULL, '$2y$10$0VWOSUZqIavHfI0YNw3l8eR3.RzfIdz8qrAaKmW4R7ybtC35mBg0.', NULL, 'user,supprimer,importer,exporter,ajouter,modifier', 'Active', NULL, '2022-05-10 08:40:44', '2022-06-14 17:30:33', NULL),
(31, 'singa05herve@gmail.com', NULL, NULL, NULL, NULL, 'singa05herve@gmail.com', NULL, '$2y$10$JRPJ69rDXA5CbGrs355VyetV5d6krEiOgP1jPaOOvzWsqQnHsXXAW', NULL, 'user', 'Active', NULL, '2022-05-31 10:30:30', '2022-05-31 10:30:30', NULL),
(32, 'Test User', NULL, NULL, NULL, NULL, 'testuser@test.com', NULL, '$2y$10$eKO0rGcESWxZLdzNWULWg.Z.FAlPlvzEq3HUzar9Jk5NPnosCz.e6', NULL, 'user', 'Active', NULL, '2022-06-03 09:40:55', '2022-06-03 09:40:55', NULL),
(33, 'Guest', NULL, NULL, NULL, NULL, 'guest@guest.com', NULL, '$2y$10$NiiSgXtOSLI7qDs7CdvJeOcjdDhK0uOel8QaxVjglSXt6vZ8behE.', NULL, 'guest', 'Active', NULL, '2022-06-03 09:41:48', '2022-06-03 09:41:48', NULL),
(34, 'test', NULL, NULL, NULL, NULL, 'daohamadou@gmail.com', NULL, '$2y$10$WJ8NUgRzMGjIY9XoWCAbKeRTilrDVLG6WjcUkHNISUK1glOeTR5j.', NULL, 'guest', 'Active', NULL, '2022-07-01 15:59:06', '2022-07-01 15:59:06', NULL),
(2, 'wilfried', NULL, NULL, NULL, NULL, 'omnizoundi@gmail.com', NULL, '$2y$10$NzuHSj9AeREyJaOiMHpvIeICUTMsI5JkSiJhChvL8ftkRZSIW663K', NULL, 'default,importer,exporter,supprimer,modifier,ajouter,user', 'Active', NULL, '2022-07-04 12:52:43', '2022-07-04 12:54:01', NULL),
(38, 'Kabore Tegawende Prisca', NULL, NULL, NULL, NULL, 'priscakabore741@gmail.com', NULL, '$2y$10$pWI7XnZ3ilRyp3eewVJGFO8LzVzNc2BrSNwSeRvXS6ZmP.7ovK0kG', NULL, 'user,guest,ajouter,modifier,supprimer,importer,exporter', 'Active', NULL, '2022-07-14 12:16:29', '2022-07-14 12:17:41', NULL);

-- --------------------------------------------------------

--
-- Structure de la table `vaccination_enfants`
--

DROP TABLE IF EXISTS `vaccination_enfants`;
CREATE TABLE IF NOT EXISTS `vaccination_enfants` (
  `id` bigint(20) UNSIGNED NOT NULL AUTO_INCREMENT,
  `region_id` int(10) UNSIGNED NOT NULL,
  `province_id` int(10) UNSIGNED NOT NULL,
  `commune_id` int(10) UNSIGNED NOT NULL,
  `district_id` int(10) UNSIGNED NOT NULL,
  `formation_sanitaire_id` int(10) UNSIGNED NOT NULL,
  `annee` int(10) UNSIGNED NOT NULL,
  `mois` int(10) UNSIGNED NOT NULL,
  `NbBCG` varchar(191) COLLATE utf8mb4_unicode_ci DEFAULT NULL,
  `NbDTCHepBHib1` varchar(191) COLLATE utf8mb4_unicode_ci DEFAULT NULL,
  `NbDTCHepBHib` varchar(191) COLLATE utf8mb4_unicode_ci DEFAULT NULL,
  `NbRR1` varchar(191) COLLATE utf8mb4_unicode_ci DEFAULT NULL,
  `updated_by` int(10) UNSIGNED DEFAULT NULL,
  `created_by` int(10) UNSIGNED DEFAULT NULL,
  `updated` tinyint(1) DEFAULT 0,
  `created_at` timestamp NULL DEFAULT NULL,
  `updated_at` timestamp NULL DEFAULT NULL,
  PRIMARY KEY (`id`)
) ENGINE=MyISAM DEFAULT CHARSET=utf8mb4 COLLATE=utf8mb4_unicode_ci;
COMMIT;

/*!40101 SET CHARACTER_SET_CLIENT=@OLD_CHARACTER_SET_CLIENT */;
/*!40101 SET CHARACTER_SET_RESULTS=@OLD_CHARACTER_SET_RESULTS */;
/*!40101 SET COLLATION_CONNECTION=@OLD_COLLATION_CONNECTION */;
